playerRanking,gamesPlayed,minutesPlayed,effectiveFieldGoalPercentage,trueShootingPercentage,offensiveReboundsPercentage,defensiveReboundsPercentage,reboundsPercentage,assistsToTurnoversRatio,assistsRatio,turnoversRatio,twoPointAttemptsRatio,threePointAttemptsRatio,freeThrowsRate,possesions,player.code,player.name,player.age,player.imageUrl,player.team.code,player.team.tvCodes,player.team.name,player.team.imageUrl
1,10.0,8.746666666666666,15.2%,18.2%,2.6%,4.4%,3.5%,0.8,11.8%,14.8%,17.8%,50.4%,17.4%,3.4,010516,"GAZI, ERTEN",26,https://media-cdn.incrowdsports.com/714ae09c-4d14-4a17-bf53-c041d094d084.png,IST,EFS,Anadolu Efes Istanbul,https://media-cdn.incrowdsports.com/8ea8cec7-d8f7-45f4-a956-d976b5867610.png
2,3.0,4.4222222222222225,0%,0%,9.2%,0%,4.7%,0.5,22.2%,44.4%,11.1%,22.2%,0%,3.0,003274,"DALLO, BORIS",29,https://media-cdn.incrowdsports.com/7c9a1819-6962-465f-afa3-5d418e451295.png,ASV,ASV,LDLC ASVEL Villeurbanne,https://media-cdn.incrowdsports.com/e33c6d1a-95ca-4dbc-b8cb-0201812104cc.png
3,2.0,3.091666666666667,0%,0%,0%,0%,0%,0.0,0%,100%,0%,0%,0%,0.5,010868,"DIAGNE, ISMAILA",17,https://media-cdn.incrowdsports.com/e1e2dd06-520f-455f-8f0c-e74eeb8a4d83.png,MAD,RMB,Real Madrid,https://media-cdn.incrowdsports.com/1a3e1404-4f6f-4ede-9d8b-30eee7cb51b4.png
4,2.0,1.4666666666666666,0%,0%,0%,0%,0%,0.0,0%,0%,33.3%,66.7%,0%,1.5,011666,"SARR, DAME",17,https://media-cdn.incrowdsports.com/8120a506-36ca-4080-a8d4-67939991bed6.png,BAR,BAR,FC Barcelona,https://media-cdn.incrowdsports.com/35dfa503-e417-481f-963a-bdf6f013763e.png
4,3.0,1.627777777777778,0%,0%,0%,0%,0%,0.0,0%,25%,50%,25%,0%,1.3,012415,"TUNCA, MELIH",18,https://media-cdn.incrowdsports.com/84131a4c-7cf1-4e32-858e-dd854de48c6d.png,IST,EFS,Anadolu Efes Istanbul,https://media-cdn.incrowdsports.com/8ea8cec7-d8f7-45f4-a956-d976b5867610.png
6,1.0,16.533333333333335,0%,0%,0%,12.4%,6.6%,0.7,25%,37.5%,25%,12.5%,0%,8.0,010750,"DE LARREA, SERGIO",18,https://media-cdn.incrowdsports.com/23ea1ad3-e859-42ed-827b-b250fff01f2e.png,PAM,VBC,Valencia Basket,https://media-cdn.incrowdsports.com/efd12730-f2ea-4830-9caa-7f2f676079c2.png
6,6.0,4.413888888888889,20%,34%,0%,4.1%,2.2%,1.0,20.2%,20.2%,10.1%,40.5%,40%,1.6,011649,"GONZALEZ, HUGO",17,https://media-cdn.incrowdsports.com/f0229b66-8f2e-4766-83c4-9987a8ff1372.png,MAD,RMB,Real Madrid,https://media-cdn.incrowdsports.com/1a3e1404-4f6f-4ede-9d8b-30eee7cb51b4.png
6,1.0,11.683333333333334,50%,50%,0%,0%,0%,0.0,0%,0%,0%,100%,0%,6.0,006158,"LUKOSIUNAS, KAROLIS",26,https://media-cdn.incrowdsports.com/779c02b4-a7aa-4c4d-9a14-321766098ce0.png,ZAL,ZAL,Zalgiris Kaunas,https://media-cdn.incrowdsports.com/0aa09358-3847-4c4e-b228-3582ee4e536d.png
9,1.0,0.8,0%,0%,0%,0%,0%,0.0,0%,0%,0%,100%,0%,1.0,012365,"HRABAR, VIT",17,https://media-cdn.incrowdsports.com/bd34a161-053d-4b7d-8844-59e714c83b22.png,BAS,BKN,Baskonia Vitoria-Gasteiz,https://media-cdn.incrowdsports.com/e324a6af-2a72-443e-9813-8bf2d364ddab.png
9,2.0,4.883333333333334,25%,25%,10.5%,0%,5.8%,0.0,0%,0%,100%,0%,0%,2.0,012713,"MASCOLO, BRUNO",27,https://media-cdn.incrowdsports.com/04c7e15a-0de1-4f47-abe7-6f42a117faf4.png,VIR,VIR,Virtus Segafredo Bologna,https://media-cdn.incrowdsports.com/4af5e83b-f2b5-4fba-a87c-1f85837a508a.png
11,6.0,5.677777777777778,0%,17.4%,3.4%,10.8%,7%,1.0,12.9%,12.9%,38.7%,12.9%,100%,1.3,011201,"HAZER, SEHMUS",24,https://media-cdn.incrowdsports.com/966c7564-e933-42de-b49f-c81f65b20e88.png,ULK,FBB,Fenerbahce Beko Istanbul,https://media-cdn.incrowdsports.com/0233ebbb-f3a2-49ea-837c-7fd3e661e672.png
11,5.0,3.0566666666666666,30%,30%,0%,7.5%,3.6%,2.0,25%,12.5%,0%,62.5%,0%,1.6,011433,"MAYER, OMER",17,https://media-cdn.incrowdsports.com/b3d04f21-9f3a-41f3-a1ce-4fe9c5ec0b76.png,TEL,MTA,Maccabi Playtika Tel Aviv,https://media-cdn.incrowdsports.com/5c55ef14-29df-4328-bd52-a7a64c432350.png
11,1.0,2.4166666666666665,0%,0%,0%,0%,0%,0.0,0%,0%,0%,0%,0%,0.0,012724,"MESTOGLU, HAMZA",19,https://media-cdn.incrowdsports.com/ef066051-8be0-4a4c-ab61-0beac899bbb1.png,ULK,FBB,Fenerbahce Beko Istanbul,https://media-cdn.incrowdsports.com/0233ebbb-f3a2-49ea-837c-7fd3e661e672.png
11,2.0,5.091666666666667,0%,56.8%,0%,0%,0%,0.0,53.2%,0%,0%,0%,0%,0.9,010400,"ONCEL, RIDVAN",26,https://media-cdn.incrowdsports.com/0ce66b49-bc8a-4a50-9d0f-8b7a39521e8b.png,IST,EFS,Anadolu Efes Istanbul,https://media-cdn.incrowdsports.com/8ea8cec7-d8f7-45f4-a956-d976b5867610.png
11,2.0,3.1666666666666665,33.3%,33.3%,0%,0%,0%,0.0,0%,0%,33.3%,66.7%,0%,1.5,012023,"PAPAS, GEORGE",25,https://media-cdn.incrowdsports.com/e1242281-fbb2-4074-a011-3e8e74bf6bde.png,OLY,OLY,Olympiacos Piraeus,https://media-cdn.incrowdsports.com/789423ac-3cdf-4b89-b11c-b458aa5f59a6.png
11,22.0,6.951515151515152,29%,29%,9%,10.6%,9.8%,2.0,5.9%,2.9%,23.5%,67.6%,0%,1.5,001518,"RICCI, GIAMPAOLO",32,https://media-cdn.incrowdsports.com/edd4b5dd-77b8-4a04-a8ab-65d7d9e544f6.png,MIL,EA7,EA7 Emporio Armani Milan,https://media-cdn.incrowdsports.com/8154f184-c61a-4e7f-b14d-9d802e35cb95.png
11,1.0,1.0833333333333333,0%,0%,0%,0%,0%,0.0,0%,0%,0%,0%,0%,0.0,010631,"TANOULIS, GEORGIOS",21,https://media-cdn.incrowdsports.com/fe14d4e2-4783-4a39-8a7e-b8f8924606ae.png,OLY,OLY,Olympiacos Piraeus,https://media-cdn.incrowdsports.com/789423ac-3cdf-4b89-b11c-b458aa5f59a6.png
11,1.0,10.166666666666666,50%,50%,9.8%,0%,5%,0.0,0%,0%,33.3%,66.7%,0%,3.0,005836,"THOMPKINS, TREY",33,https://media-cdn.incrowdsports.com/1068c6e6-fae9-4844-a650-4c60e9f46a84.png,RED,CZV,Crvena Zvezda Meridianbet Belgrade,https://media-cdn.incrowdsports.com/d2eef4a8-62df-4fdd-9076-276004268515.png
11,1.0,1.55,0%,0%,0%,0%,0%,0.0,0%,0%,0%,0%,0%,0.0,004093,"YILDIZLI, BURAKCAN",29,https://media-cdn.incrowdsports.com/00aa7130-aa3b-4e4c-bb27-f302dd4a85d1.png,IST,EFS,Anadolu Efes Istanbul,https://media-cdn.incrowdsports.com/8ea8cec7-d8f7-45f4-a956-d976b5867610.png
20,3.0,3.766666666666667,0%,0%,9.7%,24.1%,16.2%,0.0,0%,0%,0%,100%,0%,0.7,010184,"BUTKA, DOVYDAS",20,https://media-cdn.incrowdsports.com/1d6df5f4-c3b9-4d2d-9124-6d049186c32e.png,ZAL,ZAL,Zalgiris Kaunas,https://media-cdn.incrowdsports.com/0aa09358-3847-4c4e-b228-3582ee4e536d.png
20,1.0,1.5666666666666667,100%,100%,0%,63.8%,36.5%,0.0,0%,50%,50%,0%,0%,2.0,012197,"JAKUCIONIS, KASPARAS",17,https://media-cdn.incrowdsports.com/edbcd1d2-dfe3-47f2-869b-028144689c5b.png,BAR,BAR,FC Barcelona,https://media-cdn.incrowdsports.com/35dfa503-e417-481f-963a-bdf6f013763e.png
20,4.0,8.770833333333334,26.9%,28.8%,6.3%,7.2%,6.7%,3.0,16.8%,5.6%,28%,44.7%,15.4%,4.5,012123,"KHARCHENKOV, IVAN",17,https://media-cdn.incrowdsports.com/d61f90d2-b0a0-4bbb-a167-4a8c3dc3d780.png,MUN,BAY,FC Bayern Munich,https://media-cdn.incrowdsports.com/817b0e58-d595-4b09-ab0b-1e7cc26249ff.png
20,30.0,6.635555555555555,41.9%,41.9%,2.3%,8.6%,5.5%,1.5,19.6%,13%,28.3%,39.1%,0%,1.5,008850,"RAIESTE, SANDER",24,https://media-cdn.incrowdsports.com/d9fa5d29-856a-47dc-b80e-444bd9023755.png,BAS,BKN,Baskonia Vitoria-Gasteiz,https://media-cdn.incrowdsports.com/e324a6af-2a72-443e-9813-8bf2d364ddab.png
24,1.0,2.433333333333333,0%,0%,54.8%,0%,26.5%,0.0,100%,0%,0%,0%,0%,1.0,010754,"MARI, LUCAS",18,https://media-cdn.incrowdsports.com/095d6a17-b7a5-42df-9675-36d880286d9c.png,PAM,VBC,Valencia Basket,https://media-cdn.incrowdsports.com/efd12730-f2ea-4830-9caa-7f2f676079c2.png
25,14.0,8.298809523809524,27.6%,32.3%,0%,9.8%,4.8%,1.2,13.8%,11.5%,27.6%,39.1%,27.6%,3.1,006302,"LOUNTZIS, MICHALIS",25,https://media-cdn.incrowdsports.com/f98c50df-08d3-4616-bf95-3994a5b1168b.png,OLY,OLY,Olympiacos Piraeus,https://media-cdn.incrowdsports.com/789423ac-3cdf-4b89-b11c-b458aa5f59a6.png
25,4.0,0.8416666666666667,150%,150%,0%,0%,0%,0.0,0%,0%,0%,100%,0%,0.2,012784,"MONTVILA, NEDAS",21,https://media-cdn.incrowdsports.com/f03a102a-aa60-494f-80f7-455a01e718f7.png,ZAL,ZAL,Zalgiris Kaunas,https://media-cdn.incrowdsports.com/0aa09358-3847-4c4e-b228-3582ee4e536d.png
25,1.0,1.3666666666666667,75%,75%,0%,0%,0%,0.0,33.3%,0%,33.3%,33.3%,0%,3.0,011442,"SAMODUROV, ALEXANDROS",18,https://media-cdn.incrowdsports.com/1bab4dab-ff40-46d9-85bf-5da1ef6f3464.png,PAN,PAO,Panathinaikos AKTOR Athens,https://media-cdn.incrowdsports.com/e3dff28a-9ec6-4faf-9d96-ecbc68f75780.png
25,6.0,9.983333333333333,31.3%,39.4%,3.4%,10%,6.4%,1.7,29.6%,17.8%,35.5%,11.8%,25%,2.8,012515,"TARPEY, TERRY",29,https://media-cdn.incrowdsports.com/b0cb7914-0261-4b0a-a97c-0f1e5978c5ea.png,MCO,ASM,AS Monaco,https://media-cdn.incrowdsports.com/89ed276a-2ba3-413f-8ea2-b3be209ca129.png
29,6.0,4.5,50%,47.4%,4%,16.1%,10%,1.0,24.3%,24.3%,18.2%,30.4%,12.5%,2.7,006245,"WEIDEMANN, NELSON",24,https://media-cdn.incrowdsports.com/beec5fc0-efc7-4bd6-8c84-52d0fca75bd7.png,MUN,BAY,FC Bayern Munich,https://media-cdn.incrowdsports.com/817b0e58-d595-4b09-ab0b-1e7cc26249ff.png
30,5.0,2.1433333333333335,75%,86.8%,0%,11.1%,5.5%,0.0,0%,0%,34.7%,34.7%,100%,0.6,006721,"CARUSO, GUGLIELMO",24,https://media-cdn.incrowdsports.com/95bb3962-35de-4814-8f28-a55ba7dc098e.png,MIL,EA7,EA7 Emporio Armani Milan,https://media-cdn.incrowdsports.com/8154f184-c61a-4e7f-b14d-9d802e35cb95.png
31,8.0,12.083333333333334,51.9%,55%,1.3%,9.2%,5.2%,0.1,2.6%,23.6%,15.7%,52.4%,19.2%,4.8,009917,"HOLLINS, AUSTIN",32,https://media-cdn.incrowdsports.com/bd70a21a-cdb9-4e9a-bcc8-6e2c585d75f5.png,ZAL,ZAL,Zalgiris Kaunas,https://media-cdn.incrowdsports.com/0aa09358-3847-4c4e-b228-3582ee4e536d.png
31,9.0,2.6277777777777778,55.6%,50.6%,0%,10.9%,5.5%,0.5,7.8%,15.5%,69.9%,0%,22.2%,1.4,011926,"KAMAGATE, ISMAEL",22,https://media-cdn.incrowdsports.com/d5c370ca-77c3-43ce-994b-d8683172c8db.png,MIL,EA7,EA7 Emporio Armani Milan,https://media-cdn.incrowdsports.com/8154f184-c61a-4e7f-b14d-9d802e35cb95.png
31,3.0,6.844444444444445,0%,0%,31.6%,6%,19.7%,5.0,50%,10%,40%,0%,0%,3.3,003479,"KUZMIC, OGNJEN",33,https://media-cdn.incrowdsports.com/5b845a58-65c2-419e-922a-32dc3870e9ab.png,RED,CZV,Crvena Zvezda Meridianbet Belgrade,https://media-cdn.incrowdsports.com/d2eef4a8-62df-4fdd-9076-276004268515.png
31,9.0,4.542592592592593,46.7%,46.7%,0%,3%,1.5%,0.0,6.2%,0%,18.8%,75%,0%,1.8,002969,"MAHMUTOGLU, MELIH",33,https://media-cdn.incrowdsports.com/2d683432-0b01-478e-b0e6-26641d03567f.png,ULK,FBB,Fenerbahce Beko Istanbul,https://media-cdn.incrowdsports.com/0233ebbb-f3a2-49ea-837c-7fd3e661e672.png
35,6.0,8.21111111111111,30%,45.1%,2.3%,8.9%,5.6%,3.0,29.7%,9.9%,0%,49.5%,50%,3.4,009101,"FERRANDO, GUILLEM",21,https://media-cdn.incrowdsports.com/0def1908-e971-44f3-9018-ec0b7dbd4e60.png,PAM,VBC,Valencia Basket,https://media-cdn.incrowdsports.com/efd12730-f2ea-4830-9caa-7f2f676079c2.png
35,4.0,6.6875,10%,18.4%,0%,23.9%,12.9%,1.7,26.5%,15.9%,21.2%,31.8%,20%,4.7,012095,"THOMASSON, JOE",30,https://media-cdn.incrowdsports.com/ce8554e2-ab1f-4620-8c43-9941d3888f3d.png,TEL,MTA,Maccabi Playtika Tel Aviv,https://media-cdn.incrowdsports.com/5c55ef14-29df-4328-bd52-a7a64c432350.png
37,2.0,15.375,37.5%,41.5%,8%,3.9%,5.9%,3.5,40.1%,11.5%,34.4%,11.5%,12.5%,8.7,010985,"TOPIC, NIKOLA",18,https://media-cdn.incrowdsports.com/a4d8089b-d218-4257-9068-320c7c4ee062.png,RED,CZV,Crvena Zvezda Meridianbet Belgrade,https://media-cdn.incrowdsports.com/d2eef4a8-62df-4fdd-9076-276004268515.png
38,19.0,6.9491228070175435,55.6%,58.3%,3.5%,12.5%,8%,0.8,11.6%,15.5%,46.4%,23.2%,11.1%,1.4,004720,"LAZAREVIC, STEFAN",27,https://media-cdn.incrowdsports.com/ae23bbbe-9a8b-44dc-8ac6-dc99ce56be59.png,RED,CZV,Crvena Zvezda Meridianbet Belgrade,https://media-cdn.incrowdsports.com/d2eef4a8-62df-4fdd-9076-276004268515.png
39,3.0,15.727777777777776,27.3%,30.6%,0%,17.5%,8.8%,1.5,34%,22.7%,22.7%,18.9%,9.1%,8.8,005775,"BARON, BILLY",33,https://media-cdn.incrowdsports.com/b6674418-5b26-4ea1-a7ad-42f83457ad3b.png,MIL,EA7,EA7 Emporio Armani Milan,https://media-cdn.incrowdsports.com/8154f184-c61a-4e7f-b14d-9d802e35cb95.png
40,7.0,2.4309523809523808,68.8%,68.8%,0%,13.1%,7.1%,2.5,33.3%,13.3%,26.7%,26.7%,0%,2.1,006544,"MORAITIS, DIMITRIS",24,https://media-cdn.incrowdsports.com/0b1c31f7-d68f-4283-87bc-a5cb051f4cfb.png,PAN,PAO,Panathinaikos AKTOR Athens,https://media-cdn.incrowdsports.com/e3dff28a-9ec6-4faf-9d96-ecbc68f75780.png
41,11.0,7.527272727272727,45.2%,47.3%,10.2%,12.1%,11.1%,0.1,2.4%,19.2%,47.9%,26.3%,12.9%,3.8,012711,"SIMONOVIC, MARKO",24,https://media-cdn.incrowdsports.com/b5895662-8f6a-4350-893d-8cc0116a7823.png,RED,CZV,Crvena Zvezda Meridianbet Belgrade,https://media-cdn.incrowdsports.com/d2eef4a8-62df-4fdd-9076-276004268515.png
42,6.0,4.413888888888889,68.8%,75.1%,13.3%,0%,6.9%,0.8,18.4%,24.5%,18.4%,30.6%,37.5%,2.7,011631,"RAPIEQUE, ELIAS",19,https://media-cdn.incrowdsports.com/c97449e1-de36-460a-8992-f8a545ae7a57.png,BER,BER,ALBA Berlin,https://media-cdn.incrowdsports.com/ccc34858-22b0-47dc-904c-9940b0a16ff3.png
43,18.0,9.20925925925926,39.1%,40%,1.5%,7.7%,4.7%,1.4,19.2%,14.1%,29.2%,35.3%,7.8%,5.5,011965,"MITROU-LONG, NAZ",30,https://media-cdn.incrowdsports.com/05cecc0e-b5ef-44a4-b9e0-d4616e9e7af2.png,OLY;ZAL,OLY;ZAL,Olympiacos Piraeus;Zalgiris Kaunas,https://media-cdn.incrowdsports.com/789423ac-3cdf-4b89-b11c-b458aa5f59a6.png;https://media-cdn.incrowdsports.com/0aa09358-3847-4c4e-b228-3582ee4e536d.png
44,12.0,8.802777777777779,23.4%,26.3%,1.2%,15.7%,8.9%,2.1,28.7%,13.5%,35.5%,18.6%,15.6%,4.9,010623,"ALOCEN, CARLOS",23,https://media-cdn.incrowdsports.com/690b8b9b-425d-4da6-b6d9-122eaec0e330.png,MAD,RMB,Real Madrid,https://media-cdn.incrowdsports.com/1a3e1404-4f6f-4ede-9d8b-30eee7cb51b4.png
45,8.0,10.645833333333334,53.8%,56.7%,0%,9.6%,5%,0.8,14.2%,19%,16.6%,45%,19.2%,5.3,011826,"GUY, KYLE",26,https://media-cdn.incrowdsports.com/d99b577b-9d7e-42c1-8166-838acd01d089.png,PAN,PAO,Panathinaikos AKTOR Athens,https://media-cdn.incrowdsports.com/e3dff28a-9ec6-4faf-9d96-ecbc68f75780.png
45,8.0,7.825,64.7%,67.7%,0%,8.3%,3.8%,0.5,7.9%,15.9%,35.7%,31.7%,29.4%,3.2,005553,"LOMAZS, RIHARDS",27,https://media-cdn.incrowdsports.com/6d8d46e5-d402-4e49-893d-e1d5b162e67b.png,VIR,VIR,Virtus Segafredo Bologna,https://media-cdn.incrowdsports.com/4af5e83b-f2b5-4fba-a87c-1f85837a508a.png
47,17.0,6.133333333333333,43.5%,48.8%,4.5%,9.5%,7%,1.0,15.9%,15.9%,61.1%,0%,26.1%,2.2,006819,"NIKIC, KRESIMIR",24,https://media-cdn.incrowdsports.com/66f8a68a-7c7f-4ff7-b905-72a176b0bb4a.png,BER,BER,ALBA Berlin,https://media-cdn.incrowdsports.com/ccc34858-22b0-47dc-904c-9940b0a16ff3.png
47,12.0,7.797222222222222,50%,54.5%,7.7%,13.2%,10.4%,1.3,22%,17.6%,26.4%,26.4%,33.3%,1.9,005478,"WIMBERG, NIKLAS",27,https://media-cdn.incrowdsports.com/3f137117-7b85-4da1-9776-534a4597a618.png,MUN,BAY,FC Bayern Munich,https://media-cdn.incrowdsports.com/817b0e58-d595-4b09-ab0b-1e7cc26249ff.png
49,14.0,7.286904761904762,81.3%,77.9%,4.9%,11.7%,8.4%,0.5,4.9%,9.8%,19.7%,59.1%,18.8%,1.5,008084,"MANTZOUKAS, ELEFTHERIOS",20,https://media-cdn.incrowdsports.com/0615c7fc-bf7c-42cb-872d-2d16a040ffa4.png,PAN,PAO,Panathinaikos AKTOR Athens,https://media-cdn.incrowdsports.com/e3dff28a-9ec6-4faf-9d96-ecbc68f75780.png
50,22.0,13.781818181818181,41.5%,46.7%,5.2%,7.1%,6.1%,1.1,10.1%,8.8%,26.5%,47.9%,20.3%,3.6,LUO,"LAZIC, BRANKO",34,https://media-cdn.incrowdsports.com/75e021bf-7a1b-41bf-8329-5eb2eba3c014.png,RED,CZV,Crvena Zvezda Meridianbet Belgrade,https://media-cdn.incrowdsports.com/d2eef4a8-62df-4fdd-9076-276004268515.png
51,26.0,10.05448717948718,34.4%,39.6%,1.8%,6.8%,4.3%,1.8,26.8%,14.6%,38.2%,13.8%,28.1%,4.7,011386,"YAACOV, NOAM",19,https://media-cdn.incrowdsports.com/39341c78-b2bf-4b2b-a2c7-a68fb5056d26.png,ASV,ASV,LDLC ASVEL Villeurbanne,https://media-cdn.incrowdsports.com/e33c6d1a-95ca-4dbc-b8cb-0201812104cc.png
52,14.0,6.661904761904762,48.4%,50.4%,6.7%,13.1%,10.1%,1.0,15%,15%,32.1%,34.2%,12.9%,3.3,003204,"PAULI,  ORIOL",29,https://media-cdn.incrowdsports.com/98fcf674-d6ef-4421-aff8-b60acec6d051.png,BAR,BAR,FC Barcelona,https://media-cdn.incrowdsports.com/35dfa503-e417-481f-963a-bdf6f013763e.png
53,12.0,9.830555555555556,59.3%,65.1%,3.2%,4.9%,4.1%,1.2,23.1%,19.5%,37.3%,10.7%,44.4%,4.7,007946,"THEODORE, JORDAN",34,https://media-cdn.incrowdsports.com/9a80b8f4-56ba-4b49-9237-b38c26c08073.png,BAS,BKN,Baskonia Vitoria-Gasteiz,https://media-cdn.incrowdsports.com/e324a6af-2a72-443e-9813-8bf2d364ddab.png
53,14.0,8.866666666666667,43.5%,40.4%,6.7%,19.1%,12.5%,2.5,32.8%,13.1%,19.7%,30.6%,17.4%,3.3,006372,"YILMAZ, ERKAN",26,https://media-cdn.incrowdsports.com/cac82e3d-4e2b-4c77-8ed9-e5a0c0d3c4d8.png,IST,EFS,Anadolu Efes Istanbul,https://media-cdn.incrowdsports.com/8ea8cec7-d8f7-45f4-a956-d976b5867610.png
55,19.0,6.335964912280702,50%,52.8%,11.4%,18.9%,15.2%,0.6,9.2%,15.3%,24.5%,42.9%,27.3%,1.7,006860,"LAVRINOVICIUS, DANIELIUS",24,https://media-cdn.incrowdsports.com/2ec3ac45-6bb8-496e-8b6d-92cf48d5ca98.png,ZAL,ZAL,Zalgiris Kaunas,https://media-cdn.incrowdsports.com/0aa09358-3847-4c4e-b228-3582ee4e536d.png
55,16.0,8.994791666666666,46.4%,53.1%,10.9%,18%,14.4%,0.8,20.1%,25.8%,31.6%,8.6%,78.6%,2.2,006543,"RADONCIC, DINO",24,,MUN,BAY,FC Bayern Munich,https://media-cdn.incrowdsports.com/817b0e58-d595-4b09-ab0b-1e7cc26249ff.png
57,20.0,8.263333333333334,54.3%,54.3%,4.8%,13.9%,9.3%,0.7,9.4%,14.1%,32.9%,40.8%,8.5%,3.2,004233,"MENCO, RAFI",29,https://media-cdn.incrowdsports.com/eea5221f-b26a-41fc-a1de-8b33247a575f.png,TEL,MTA,Maccabi Playtika Tel Aviv,https://media-cdn.incrowdsports.com/5c55ef14-29df-4328-bd52-a7a64c432350.png
58,13.0,9.425641025641026,52%,56.2%,11.7%,10.6%,11.1%,0.3,8.3%,25%,52%,0%,64%,3.7,008072,"DIOP, KHALIFA",21,https://media-cdn.incrowdsports.com/803477d4-9fe3-4a05-a5a2-67e2bf750769.png,BAS,BKN,Baskonia Vitoria-Gasteiz,https://media-cdn.incrowdsports.com/e324a6af-2a72-443e-9813-8bf2d364ddab.png
58,8.0,13.797916666666667,46.6%,49.6%,2.8%,7.1%,4.9%,1.8,23.6%,13.1%,31.4%,26.2%,22.7%,9.6,011064,"MANNION, NICCOLO",22,https://media-cdn.incrowdsports.com/267ff958-5d64-4ab0-8477-5e4af9f5e668.png,BAS,BKN,Baskonia Vitoria-Gasteiz,https://media-cdn.incrowdsports.com/e324a6af-2a72-443e-9813-8bf2d364ddab.png
60,14.0,12.445238095238095,42%,45.2%,4.7%,9.4%,6.9%,1.1,27.7%,25%,31.2%,13.4%,14%,8.0,007550,"SAMAR, ZIGA",22,https://media-cdn.incrowdsports.com/20227e3a-1a7c-4f98-8d9c-6471e34ec46d.png,BER,BER,ALBA Berlin,https://media-cdn.incrowdsports.com/ccc34858-22b0-47dc-904c-9940b0a16ff3.png
61,15.0,8.823333333333332,65.9%,63.1%,7.8%,15.4%,11.5%,2.0,18.3%,9.2%,45.8%,21.4%,18.2%,2.2,011964,"ILIC, DALIBOR",23,https://media-cdn.incrowdsports.com/82df91d0-8a08-4a54-a020-971e839701d4.png,RED,CZV,Crvena Zvezda Meridianbet Belgrade,https://media-cdn.incrowdsports.com/d2eef4a8-62df-4fdd-9076-276004268515.png
62,6.0,20.150000000000002,60%,62.2%,1%,10.8%,5.8%,1.1,12.3%,10.8%,30.8%,38.6%,24.4%,10.8,012732,"JACKSON, FRANK",25,https://media-cdn.incrowdsports.com/6124e7a2-f335-4e44-8605-9deab6549a8b.png,ASV,ASV,LDLC ASVEL Villeurbanne,https://media-cdn.incrowdsports.com/e33c6d1a-95ca-4dbc-b8cb-0201812104cc.png
63,7.0,18.12857142857143,51.1%,53.2%,6.4%,10.2%,8.3%,3.0,10.4%,3.5%,43.2%,34.6%,24.4%,8.3,012800,"MCGRUDER, RODNEY",32,https://media-cdn.incrowdsports.com/bf0ae1d5-1d61-4471-bc41-db4339ce0c8d.png,MIL,EA7,EA7 Emporio Armani Milan,https://media-cdn.incrowdsports.com/8154f184-c61a-4e7f-b14d-9d802e35cb95.png
64,30.0,15.709444444444445,40.2%,43.7%,2.2%,7.7%,5%,1.0,11.9%,11.4%,22.2%,46.5%,26.8%,6.2,012740,"ROBERTSON, KASSIUS",29,https://media-cdn.incrowdsports.com/5aa7f467-8fe2-45db-97e5-2fbff4d3a1b9.png,PAM,VBC,Valencia Basket,https://media-cdn.incrowdsports.com/efd12730-f2ea-4830-9caa-7f2f676079c2.png
65,17.0,16.80392156862745,37.9%,42.2%,1.3%,6.6%,3.9%,2.0,32.1%,15.7%,19.4%,29.9%,13.6%,7.9,006433,"PANGOS, KEVIN",30,https://media-cdn.incrowdsports.com/6a15f535-77ed-4b38-b9ff-f6740de9b9f6.png,PAM;MIL,VBC;EA7,Valencia Basket;EA7 Emporio Armani Milan,https://media-cdn.incrowdsports.com/efd12730-f2ea-4830-9caa-7f2f676079c2.png;https://media-cdn.incrowdsports.com/8154f184-c61a-4e7f-b14d-9d802e35cb95.png
65,19.0,13.915789473684208,51.1%,55.6%,4.6%,9%,6.9%,1.5,14.2%,9.4%,31.5%,39.4%,17.8%,3.3,007673,"TRIFUNOVIC, UROS",23,https://media-cdn.incrowdsports.com/f2bf047c-f206-4645-b830-44caa9be8ed2.png,PAR,PAR,Partizan Mozzart Bet Belgrade,https://media-cdn.incrowdsports.com/2681304e-77dd-4331-88b1-683078c0fb49.png
67,14.0,8.261904761904763,83.3%,86.3%,9.9%,16%,13%,0.4,10.1%,22.7%,60.5%,0%,25%,2.8,011050,"KOPRIVICA, BALSA",23,https://media-cdn.incrowdsports.com/e555a45d-cc53-4fe5-b6e3-159c430d095f.png,PAR,PAR,Partizan Mozzart Bet Belgrade,https://media-cdn.incrowdsports.com/2681304e-77dd-4331-88b1-683078c0fb49.png
68,19.0,5.6570175438596495,72%,63.4%,11.2%,16.5%,13.8%,0.5,6.3%,12.6%,52.5%,0%,124%,2.5,010641,"NNAJI, JAMES",19,https://media-cdn.incrowdsports.com/6cd53d53-06e6-4f13-a0d5-6e15c0abcbb7.png,BAR,BAR,FC Barcelona,https://media-cdn.incrowdsports.com/35dfa503-e417-481f-963a-bdf6f013763e.png
68,25.0,13.275333333333332,43.7%,47.1%,6.8%,14.1%,10.5%,0.4,7.6%,21.2%,32.2%,34.8%,13.9%,4.7,006643,"PUERTO, JOSEP",24,https://media-cdn.incrowdsports.com/5c0cc065-9d15-40de-ab9e-6237b25c2584.png,PAM,VBC,Valencia Basket,https://media-cdn.incrowdsports.com/efd12730-f2ea-4830-9caa-7f2f676079c2.png
70,22.0,12.77651515151515,42.7%,43.5%,3.7%,8.9%,6.4%,2.8,26.1%,9.5%,29.2%,30%,20%,5.8,004058,"JARAMAZ, OGNJEN",28,https://media-cdn.incrowdsports.com/9e76b033-8bf8-41f7-b1da-8d89fa234abe.png,PAR,PAR,Partizan Mozzart Bet Belgrade,https://media-cdn.incrowdsports.com/2681304e-77dd-4331-88b1-683078c0fb49.png
70,12.0,17.51111111111111,41.2%,46.7%,2.8%,10.3%,6.7%,1.1,13%,12.2%,31.7%,37.4%,18.8%,10.3,012801,"SMART, JAVONTE",24,https://media-cdn.incrowdsports.com/d3eadca7-a291-45d6-9c3e-e5b43a07b102.png,RED,CZV,Crvena Zvezda Meridianbet Belgrade,https://media-cdn.incrowdsports.com/d2eef4a8-62df-4fdd-9076-276004268515.png
72,15.0,9.062222222222223,71.4%,72.1%,8.1%,21.6%,15%,0.6,13.7%,21.5%,54.6%,0%,42.9%,3.4,012714,"CACOK, DEVONTAE",27,https://media-cdn.incrowdsports.com/3c2f2d94-6aaa-4620-b3eb-2e99843a8373.png,VIR,VIR,Virtus Segafredo Bologna,https://media-cdn.incrowdsports.com/4af5e83b-f2b5-4fba-a87c-1f85837a508a.png
73,18.0,7.541666666666667,56.8%,61%,1.9%,10%,6%,1.2,7.9%,6.6%,27.7%,50.2%,22%,4.2,006701,"BORTOLANI, GIORDANO",23,https://media-cdn.incrowdsports.com/9918686a-9090-485b-b967-d207bd5dccf2.png,MIL,EA7,EA7 Emporio Armani Milan,https://media-cdn.incrowdsports.com/8154f184-c61a-4e7f-b14d-9d802e35cb95.png
73,12.0,9.327777777777778,58.6%,68.5%,4.6%,25.8%,15.6%,0.8,11.9%,15.8%,27.7%,29.7%,58.6%,4.2,009212,"VUKCEVIC, TRISTAN",20,https://media-cdn.incrowdsports.com/16d5d50d-7aa5-4fb2-8fcc-32b610acd93b.png,PAR,PAR,Partizan Mozzart Bet Belgrade,https://media-cdn.incrowdsports.com/2681304e-77dd-4331-88b1-683078c0fb49.png
75,30.0,5.939444444444445,56.1%,60%,5.7%,11.8%,8.8%,1.4,10.8%,7.7%,44.9%,31%,16.3%,2.2,011209,"KALAITZAKIS, PANAGIOTIS",24,https://media-cdn.incrowdsports.com/57b604db-3e66-4f92-a908-7eebedfd67b8.png,PAN,PAO,Panathinaikos AKTOR Athens,https://media-cdn.incrowdsports.com/e3dff28a-9ec6-4faf-9d96-ecbc68f75780.png
76,26.0,12.153846153846153,58.1%,60.5%,0.7%,5.6%,3%,1.7,15%,8.6%,16.1%,56.9%,10.3%,3.6,007025,"MATTISSECK, JONAS",23,https://media-cdn.incrowdsports.com/b88cfd80-f9b6-4ffb-b74d-458061969ce1.png,BER,BER,ALBA Berlin,https://media-cdn.incrowdsports.com/ccc34858-22b0-47dc-904c-9940b0a16ff3.png
77,19.0,11.741228070175438,57.1%,55.1%,13.4%,12%,12.7%,0.9,13.1%,14.5%,60.9%,0%,42.9%,3.6,012730,"EGBUNU, JOHN",29,https://media-cdn.incrowdsports.com/043e4d46-656c-4047-900e-be24b2fb0d7f.png,ASV,ASV,LDLC ASVEL Villeurbanne,https://media-cdn.incrowdsports.com/e33c6d1a-95ca-4dbc-b8cb-0201812104cc.png
77,12.0,14.713888888888889,62.2%,63.8%,10.3%,13.7%,12.1%,3.0,12.7%,4.2%,44.5%,33.9%,13.5%,3.9,006068,"NOUA, AMINE",26,https://media-cdn.incrowdsports.com/8e06b767-0829-4e1a-aa77-000a04e29a22.png,ULK,FBB,Fenerbahce Beko Istanbul,https://media-cdn.incrowdsports.com/0233ebbb-f3a2-49ea-837c-7fd3e661e672.png
79,27.0,10.862345679012346,37%,41.9%,5.9%,13.5%,9.7%,1.8,11.4%,6.4%,51.8%,22%,26%,5.2,011983,"BRAZDEIKIS, IGNAS",24,https://media-cdn.incrowdsports.com/38728628-1eaa-4888-b24a-5ccb0d6749ca.png,OLY,OLY,Olympiacos Piraeus,https://media-cdn.incrowdsports.com/789423ac-3cdf-4b89-b11c-b458aa5f59a6.png
79,24.0,10.409722222222223,46.2%,48.5%,4.2%,10%,7%,5.0,32.7%,6.5%,33.8%,24%,11.3%,3.8,009513,"HOLLATZ, JUSTUS",22,https://media-cdn.incrowdsports.com/ed44b58f-6010-46ba-a5a9-2295129cb2ba.png,IST,EFS,Anadolu Efes Istanbul,https://media-cdn.incrowdsports.com/8ea8cec7-d8f7-45f4-a956-d976b5867610.png
81,28.0,9.91845238095238,52.1%,52.1%,9.6%,12.3%,10.9%,1.4,17.5%,12.9%,26.6%,38.6%,15.5%,3.9,004790,"CORNELIE, PETR",28,https://media-cdn.incrowdsports.com/115b4c21-9d00-44a0-9b24-1c4d580d8353.png,MCO,ASM,AS Monaco,https://media-cdn.incrowdsports.com/89ed276a-2ba3-413f-8ea2-b3be209ca129.png
82,26.0,10.33525641025641,35.8%,38.8%,0.9%,9.7%,5.3%,2.7,42%,15.7%,17.1%,22.3%,16.7%,5.9,012765,"CHIOZZA, CHRIS",28,https://media-cdn.incrowdsports.com/984c647c-f1de-42fd-aca1-a6e337ef5f55.png,BAS,BKN,Baskonia Vitoria-Gasteiz,https://media-cdn.incrowdsports.com/e324a6af-2a72-443e-9813-8bf2d364ddab.png
82,21.0,14.769047619047617,52.4%,54.2%,4%,13.2%,8.4%,0.9,14.1%,15.1%,24.9%,42.2%,12.9%,4.4,000556,"CLAVER, VICTOR",35,https://media-cdn.incrowdsports.com/980e6d85-289c-47ce-b2b8-e9f25a8ec017.png,PAM,VBC,Valencia Basket,https://media-cdn.incrowdsports.com/efd12730-f2ea-4830-9caa-7f2f676079c2.png
84,18.0,18.640740740740743,53.7%,55.2%,2.1%,11.4%,6.8%,0.7,8.7%,11.9%,39%,35.8%,13.8%,7.0,012795,"ANDERSON, JUSTIN",30,https://media-cdn.incrowdsports.com/2e28ba13-24da-44ec-bc37-80bbc9218cc2.png,PAM,VBC,Valencia Basket,https://media-cdn.incrowdsports.com/efd12730-f2ea-4830-9caa-7f2f676079c2.png
85,28.0,8.63154761904762,54.7%,55.4%,12%,17.2%,14.6%,0.9,12.3%,13.5%,65%,0%,32.1%,2.9,011941,"GILLESPIE, FREDDIE",26,https://media-cdn.incrowdsports.com/ff5e6c80-facd-4abc-872d-5305ece64fda.png,MUN;RED,BAY;CZV,FC Bayern Munich;Crvena Zvezda Meridianbet Belgrade,https://media-cdn.incrowdsports.com/817b0e58-d595-4b09-ab0b-1e7cc26249ff.png;https://media-cdn.incrowdsports.com/d2eef4a8-62df-4fdd-9076-276004268515.png
85,14.0,10.108333333333334,57.1%,60.7%,15.7%,15.8%,15.8%,0.6,7.1%,12.8%,67.1%,2.9%,32.7%,5.0,005460,"HARRIS, ELIAS",34,https://media-cdn.incrowdsports.com/430a72be-695e-4d06-a808-5546bc4f2a40.png,MUN,BAY,FC Bayern Munich,https://media-cdn.incrowdsports.com/817b0e58-d595-4b09-ab0b-1e7cc26249ff.png
87,26.0,13.08974358974359,44.2%,46.5%,7.6%,11.5%,9.6%,0.8,9.5%,12.3%,31.2%,41.6%,16.9%,4.1,007464,"PARRA, JOEL",23,https://media-cdn.incrowdsports.com/5c82eee3-bae2-4f20-b3ab-1340de83634c.png,BAR,BAR,FC Barcelona,https://media-cdn.incrowdsports.com/35dfa503-e417-481f-963a-bdf6f013763e.png
88,24.0,7.6125,53.4%,59.4%,9.3%,11.7%,10.5%,0.9,9.7%,11.1%,48.5%,12.5%,68.2%,3.0,007553,"BALCEROWSKI, ALEKSANDER",23,https://media-cdn.incrowdsports.com/298ad210-3711-48dd-9826-c7e7a7af8a37.png,PAN,PAO,Panathinaikos AKTOR Athens,https://media-cdn.incrowdsports.com/e3dff28a-9ec6-4faf-9d96-ecbc68f75780.png
88,26.0,13.937820512820512,42.9%,48.4%,0.3%,8.5%,4.4%,1.4,16.3%,11.6%,40.7%,24.4%,24.1%,6.6,005670,"FLACCADORI, DIEGO",27,https://media-cdn.incrowdsports.com/346eb6be-b20b-4e90-a93e-180e69c50131.png,MIL,EA7,EA7 Emporio Armani Milan,https://media-cdn.incrowdsports.com/8154f184-c61a-4e7f-b14d-9d802e35cb95.png
90,36.0,10.345833333333333,56%,57.1%,3.6%,10.3%,6.8%,2.6,24.2%,9.2%,33.4%,32%,4.3%,3.9,005145,"COHEN, JAKE",33,https://media-cdn.incrowdsports.com/e255f220-3d15-46ad-85e6-8a18d150204d.png,TEL,MTA,Maccabi Playtika Tel Aviv,https://media-cdn.incrowdsports.com/5c55ef14-29df-4328-bd52-a7a64c432350.png
90,23.0,11.16304347826087,52.7%,54.7%,10.2%,13.3%,11.9%,1.2,14.6%,12.2%,36.5%,30.4%,21.8%,3.6,009213,"NDIAYE, ELI",19,https://media-cdn.incrowdsports.com/904e39c9-6169-4ed1-ab6b-1a24b94c7197.png,MAD,RMB,Real Madrid,https://media-cdn.incrowdsports.com/1a3e1404-4f6f-4ede-9d8b-30eee7cb51b4.png
92,29.0,16.532183908045976,45.7%,48.2%,2%,8.3%,5.2%,1.9,20.2%,10.4%,34.8%,29.9%,16.1%,5.0,003526,"LIGHTY, DAVID",35,https://media-cdn.incrowdsports.com/2e9e5402-78b9-4cdc-8bce-516365be2af9.png,ASV,ASV,LDLC ASVEL Villeurbanne,https://media-cdn.incrowdsports.com/e33c6d1a-95ca-4dbc-b8cb-0201812104cc.png
93,31.0,13.070967741935483,45.5%,48.1%,4.9%,10.4%,7.6%,1.6,11.1%,6.9%,36%,40.3%,16.9%,3.8,001557,"GIFFEY, NIELS",32,https://media-cdn.incrowdsports.com/3c9cd26b-48a9-4dcc-97bd-98244de543b7.png,MUN,BAY,FC Bayern Munich,https://media-cdn.incrowdsports.com/817b0e58-d595-4b09-ab0b-1e7cc26249ff.png
93,26.0,13.925641025641026,45.1%,48.5%,8.5%,11.6%,10.1%,1.1,18.8%,16.8%,39.6%,20.8%,14.8%,3.9,004172,"PONITKA, MATEUSZ",30,https://media-cdn.incrowdsports.com/ff57c5a3-cbb1-4453-947e-8e843f9faea1.png,PAR,PAR,Partizan Mozzart Bet Belgrade,https://media-cdn.incrowdsports.com/2681304e-77dd-4331-88b1-683078c0fb49.png
95,30.0,10.944444444444445,45.5%,46.7%,9.6%,15.2%,12.3%,0.6,7%,11.1%,46.6%,31.3%,11.6%,4.8,008966,"TOBEY, MIKE",29,https://media-cdn.incrowdsports.com/d7471c9c-c1f2-4ca9-88a6-3c3ddccc597a.png,RED,CZV,Crvena Zvezda Meridianbet Belgrade,https://media-cdn.incrowdsports.com/d2eef4a8-62df-4fdd-9076-276004268515.png
96,11.0,19.827272727272728,66.9%,69.1%,3%,10%,6.4%,0.5,3.6%,7.2%,29.9%,55.1%,11.3%,7.6,012786,"DAUM, MIKE",28,https://media-cdn.incrowdsports.com/b57b3ff3-ecf9-408a-a0e4-6e5068845d0a.png,IST,EFS,Anadolu Efes Istanbul,https://media-cdn.incrowdsports.com/8ea8cec7-d8f7-45f4-a956-d976b5867610.png
96,22.0,11.150757575757575,51.1%,52.9%,14.4%,15.4%,14.9%,1.1,15.2%,14%,50.8%,8.9%,42.6%,3.6,006589,"SIKMA, LUKE",34,https://media-cdn.incrowdsports.com/ae703049-980c-4ddc-8c4f-f920ee5e7710.png,OLY,OLY,Olympiacos Piraeus,https://media-cdn.incrowdsports.com/789423ac-3cdf-4b89-b11c-b458aa5f59a6.png
96,17.0,13.133333333333335,45.2%,51.7%,0%,6%,2.9%,6.0,27.9%,4.6%,33.5%,24.2%,38.7%,6.3,008099,"STRAZEL, MATTHEW",21,https://media-cdn.incrowdsports.com/73478ba1-be5a-4b95-bed5-ae41dce74ba8.png,MCO,ASM,AS Monaco,https://media-cdn.incrowdsports.com/89ed276a-2ba3-413f-8ea2-b3be209ca129.png
99,26.0,11.897435897435896,65.6%,66.2%,5.6%,9.1%,7.3%,0.5,3.3%,6.5%,34.8%,52.1%,8.8%,3.5,004197,"OUATTARA, YAKUBA",31,https://media-cdn.incrowdsports.com/c471ccb9-77bc-4a37-863d-31ff3b386bb7.png,MCO,ASM,AS Monaco,https://media-cdn.incrowdsports.com/89ed276a-2ba3-413f-8ea2-b3be209ca129.png
99,16.0,17.089583333333334,61.9%,64.7%,3.3%,10.6%,7.1%,1.8,12.7%,6.9%,37%,35.8%,23.8%,5.4,005161,"PAPAPETROU, IOANNIS",29,https://media-cdn.incrowdsports.com/892aa367-c182-4376-a651-d922b37e68f8.png,PAN,PAO,Panathinaikos AKTOR Athens,https://media-cdn.incrowdsports.com/e3dff28a-9ec6-4faf-9d96-ecbc68f75780.png
101,29.0,14.870689655172415,44.9%,47.4%,4.7%,13.4%,9.1%,0.7,7.7%,10.4%,40.1%,35.2%,19.7%,6.3,012738,"REUVERS, NATHAN",25,https://media-cdn.incrowdsports.com/d830be60-d495-4a84-9a40-70ca084e6014.png,PAM,VBC,Valencia Basket,https://media-cdn.incrowdsports.com/efd12730-f2ea-4830-9caa-7f2f676079c2.png
102,10.0,23.259999999999998,51.4%,54.5%,5.8%,12.8%,9.5%,1.9,14.8%,7.9%,47.5%,22.8%,22.5%,10.1,005094,"THOMAS, DESHAUN",32,https://media-cdn.incrowdsports.com/7be97a88-2526-40f9-838e-454c048cd74c.png,ASV,ASV,LDLC ASVEL Villeurbanne,https://media-cdn.incrowdsports.com/e33c6d1a-95ca-4dbc-b8cb-0201812104cc.png
103,25.0,8.221333333333334,58.7%,57.8%,15%,16.7%,15.9%,0.7,6.9%,10.4%,72.6%,0%,31.7%,3.5,002581,"JAITEH, MAM",29,https://media-cdn.incrowdsports.com/aee5233e-5fcc-4bb3-ae47-0fb205594eed.png,MCO,ASM,AS Monaco,https://media-cdn.incrowdsports.com/89ed276a-2ba3-413f-8ea2-b3be209ca129.png
104,24.0,12.831249999999999,58.1%,60.1%,2.4%,13.4%,8.3%,3.2,17.3%,5.4%,23.8%,49.7%,11.8%,3.9,003733,"ABALDE, ALBERTO",28,https://media-cdn.incrowdsports.com/941aa428-b35b-4aff-9fbc-13bf0061d6ad.png,MAD,RMB,Real Madrid,https://media-cdn.incrowdsports.com/1a3e1404-4f6f-4ede-9d8b-30eee7cb51b4.png
104,16.0,17.834375,46.5%,52.2%,0.4%,8.5%,4.3%,1.7,31%,17.9%,32.6%,14.1%,20.9%,11.5,008780,"HERMANNSSON, MARTIN",29,https://media-cdn.incrowdsports.com/c0a07835-a4ae-4407-9c6b-7b7a91eacde3.png,BER;PAM,BER;VBC,ALBA Berlin;Valencia Basket,https://media-cdn.incrowdsports.com/ccc34858-22b0-47dc-904c-9940b0a16ff3.png;https://media-cdn.incrowdsports.com/efd12730-f2ea-4830-9caa-7f2f676079c2.png
106,30.0,12.055,59.3%,60.1%,4.2%,15.4%,9.9%,2.7,19.3%,7.2%,13.3%,58%,6.8%,2.8,003198,"DIEZ, DANIEL",30,https://media-cdn.incrowdsports.com/dd893939-b4ad-4ada-8173-0a55122c7248.png,BAS,BKN,Baskonia Vitoria-Gasteiz,https://media-cdn.incrowdsports.com/e324a6af-2a72-443e-9813-8bf2d364ddab.png
106,23.0,13.434782608695652,52.9%,57.5%,1.2%,9.3%,5.2%,0.9,18.3%,20.5%,29%,25%,30.6%,9.8,012787,"SUMNER, EDMOND",28,https://media-cdn.incrowdsports.com/f65b5cf1-6f7a-40c9-9100-5780c575e3dd.png,ZAL,ZAL,Zalgiris Kaunas,https://media-cdn.incrowdsports.com/0aa09358-3847-4c4e-b228-3582ee4e536d.png
108,23.0,13.419565217391304,51.1%,54.1%,6.6%,17.8%,12%,1.2,11.7%,10.1%,42.7%,31.8%,11.2%,5.2,012710,"OSMANI, ERCAN",25,https://media-cdn.incrowdsports.com/09434855-5e9d-40f9-a3d1-53bb53174f91.png,IST,EFS,Anadolu Efes Istanbul,https://media-cdn.incrowdsports.com/8ea8cec7-d8f7-45f4-a956-d976b5867610.png
109,35.0,11.487142857142857,59.1%,59.6%,4%,12.5%,8.3%,2.0,11%,5.5%,26.7%,51%,17.2%,3.6,011980,"SESTINA, NATHAN",26,https://media-cdn.incrowdsports.com/69669779-e9ea-4f12-81ab-42009fa4aa81.png,ULK,FBB,Fenerbahce Beko Istanbul,https://media-cdn.incrowdsports.com/0233ebbb-f3a2-49ea-837c-7fd3e661e672.png
110,31.0,7.237096774193549,63.3%,57.8%,12.9%,15.4%,14.2%,0.3,5.6%,16.8%,54.9%,0%,93.9%,2.9,011221,"ANTETOKOUNMPO, KOSTAS",26,https://media-cdn.incrowdsports.com/ca631eea-9f75-4c25-92fe-9241ae09ac68.png,PAN,PAO,Panathinaikos AKTOR Athens,https://media-cdn.incrowdsports.com/e3dff28a-9ec6-4faf-9d96-ecbc68f75780.png
110,33.0,16.074747474747475,47.5%,48.1%,5.8%,10.2%,7.9%,1.1,10.8%,9.7%,32.3%,43.6%,10.6%,5.6,006251,"SCHNEIDER, TIM",26,https://media-cdn.incrowdsports.com/007cb254-2ece-42b7-93d0-bd20d7d2c59a.png,BER,BER,ALBA Berlin,https://media-cdn.incrowdsports.com/ccc34858-22b0-47dc-904c-9940b0a16ff3.png
112,13.0,17.284615384615385,30.6%,41.3%,4.8%,17.6%,10.7%,2.2,35.9%,16.7%,25.7%,14.1%,43.5%,12.0,LFW,"RUBIO, RICKY",33,https://media-cdn.incrowdsports.com/80e65726-8f2c-4933-b67a-fb7652045221.png,BAR,BAR,FC Barcelona,https://media-cdn.incrowdsports.com/35dfa503-e417-481f-963a-bdf6f013763e.png
113,20.0,13.708333333333334,59.9%,62.9%,4.8%,8.8%,6.8%,1.4,15.9%,11.1%,30.9%,37.3%,16.3%,6.3,011192,"SMITH, JALEEN",29,https://media-cdn.incrowdsports.com/c1119885-59a1-4514-88da-dfc9b33b3ebc.png,VIR;PAR,VIR;PAR,Virtus Segafredo Bologna;Partizan Mozzart Bet Belgrade,https://media-cdn.incrowdsports.com/4af5e83b-f2b5-4fba-a87c-1f85837a508a.png;https://media-cdn.incrowdsports.com/2681304e-77dd-4331-88b1-683078c0fb49.png
114,30.0,16.57888888888889,49.2%,53.9%,2.2%,5.4%,3.8%,1.3,16.5%,12.2%,36.6%,28.7%,21.1%,6.3,007513,"GIEDRAITIS, DOVYDAS",23,https://media-cdn.incrowdsports.com/3eafc791-a7fd-4501-a13a-c5d7057d6ef9.png,ZAL,ZAL,Zalgiris Kaunas,https://media-cdn.incrowdsports.com/0aa09358-3847-4c4e-b228-3582ee4e536d.png
115,31.0,12.856451612903227,51.2%,53.2%,5.2%,10.3%,7.7%,2.2,8.9%,4.1%,29.3%,53.8%,10.7%,4.7,003527,"ABASS, AWUDU",30,https://media-cdn.incrowdsports.com/48981256-0717-4569-80e4-d00a533de995.png,VIR,VIR,Virtus Segafredo Bologna,https://media-cdn.incrowdsports.com/4af5e83b-f2b5-4fba-a87c-1f85837a508a.png
115,30.0,12.123333333333333,44.9%,49.2%,1.4%,6.6%,3.9%,2.0,22%,10.8%,37.8%,23.8%,20.4%,7.4,003210,"LEKAVICIUS, LUKAS",29,https://media-cdn.incrowdsports.com/c434bebd-36d7-492d-949f-15d3907085cd.png,ZAL,ZAL,Zalgiris Kaunas,https://media-cdn.incrowdsports.com/0aa09358-3847-4c4e-b228-3582ee4e536d.png
117,21.0,12.570634920634921,55.3%,55.7%,7.8%,17.2%,12.4%,2.3,26.3%,11.6%,29.4%,30.5%,8.8%,4.5,002084,"POLONARA, ACHILLE",32,https://media-cdn.incrowdsports.com/e3dd935f-5b1c-40a9-a69e-9eacea2b0d14.png,VIR,VIR,Virtus Segafredo Bologna,https://media-cdn.incrowdsports.com/4af5e83b-f2b5-4fba-a87c-1f85837a508a.png
118,21.0,13.715079365079365,56.5%,57.2%,13%,22.4%,17.7%,0.2,4.2%,19.9%,64.9%,0%,38.7%,4.6,012739,"TOURE, BOUBACAR",28,https://media-cdn.incrowdsports.com/4ca1ac7a-9ed0-48cd-bd62-e6cb012befac.png,PAM,VBC,Valencia Basket,https://media-cdn.incrowdsports.com/efd12730-f2ea-4830-9caa-7f2f676079c2.png
119,35.0,12.231904761904762,52.9%,55.4%,5.8%,14.2%,10%,0.9,9.2%,10.3%,44%,31%,16.7%,5.3,002968,"SANLI, SERTAC",32,https://media-cdn.incrowdsports.com/6afdd314-ae38-4a41-ac52-6771fe65ef51.png,ULK,FBB,Fenerbahce Beko Istanbul,https://media-cdn.incrowdsports.com/0233ebbb-f3a2-49ea-837c-7fd3e661e672.png
120,29.0,17.29597701149425,40.7%,44.3%,4.5%,14.9%,9.7%,1.8,14.6%,7.9%,46.8%,24.9%,18.6%,5.7,KIR,"KAHUDI, CHARLES",37,https://media-cdn.incrowdsports.com/fbff11ee-c290-42ed-9232-6769d659dfd2.png,ASV,ASV,LDLC ASVEL Villeurbanne,https://media-cdn.incrowdsports.com/e33c6d1a-95ca-4dbc-b8cb-0201812104cc.png
121,24.0,15.396527777777777,54.5%,56.4%,2%,11.1%,7%,5.8,31.5%,5.4%,3.6%,56.7%,10.4%,4.6,BMT,"FERNANDEZ, RUDY",38,https://media-cdn.incrowdsports.com/81ff9d74-1784-441e-addd-b9198bfdab15.png,MAD,RMB,Real Madrid,https://media-cdn.incrowdsports.com/1a3e1404-4f6f-4ede-9d8b-30eee7cb51b4.png
122,32.0,13.788541666666667,48.9%,49.8%,2.4%,5.6%,4%,2.0,19.6%,10%,39.6%,28.9%,6.2%,8.1,009992,"BRIZUELA, DARIO",29,https://media-cdn.incrowdsports.com/63de8e61-84bc-4a4e-b511-870931c39392.png,BAR,BAR,FC Barcelona,https://media-cdn.incrowdsports.com/35dfa503-e417-481f-963a-bdf6f013763e.png
123,34.0,12.336764705882352,55.1%,59.1%,10.3%,12.4%,11.4%,1.0,18.3%,19%,50.5%,0.7%,51.3%,4.5,002812,"HINES, KYLE",37,https://media-cdn.incrowdsports.com/24f75c32-e4db-499d-b2e6-d46f52986033.png,MIL,EA7,EA7 Emporio Armani Milan,https://media-cdn.incrowdsports.com/8154f184-c61a-4e7f-b14d-9d802e35cb95.png
123,22.0,18.675,59.2%,60.5%,1.4%,8.1%,4.7%,1.5,9.3%,6.2%,9.9%,70.9%,10.7%,7.4,004508,"OBST, ANDREAS",27,https://media-cdn.incrowdsports.com/3a864624-2707-47c9-b9f6-a4048af710b8.png,MUN,BAY,FC Bayern Munich,https://media-cdn.incrowdsports.com/817b0e58-d595-4b09-ab0b-1e7cc26249ff.png
123,26.0,11.023076923076925,49.5%,53.8%,3.2%,12.2%,7.6%,1.9,19.2%,9.9%,26.5%,36.5%,28.4%,5.8,012709,"WALKER, KEMBA",33,https://media-cdn.incrowdsports.com/17e670bf-861d-4d2a-bca6-64f9590c04bd.png,MCO,ASM,AS Monaco,https://media-cdn.incrowdsports.com/89ed276a-2ba3-413f-8ea2-b3be209ca129.png
126,25.0,9.976666666666667,65.3%,67.8%,11.2%,19.1%,15.1%,0.8,10.8%,12.7%,61.7%,8.8%,19.4%,4.1,007639,"BRANKOVIC, DANKO",23,https://media-cdn.incrowdsports.com/e6d4ad69-da8d-4692-a553-36ac2b3134dc.png,MUN,BAY,FC Bayern Munich,https://media-cdn.incrowdsports.com/817b0e58-d595-4b09-ab0b-1e7cc26249ff.png
127,28.0,13.362499999999999,62.1%,62.5%,2.2%,11.9%,7.1%,1.5,13.3%,8.8%,39.8%,36.1%,5.8%,4.8,004007,"DOBRIC, OGNJEN",29,https://media-cdn.incrowdsports.com/c9842ac7-0ac4-4dc4-aa9c-d046566d475f.png,VIR,VIR,Virtus Segafredo Bologna,https://media-cdn.incrowdsports.com/4af5e83b-f2b5-4fba-a87c-1f85837a508a.png
128,22.0,20.890151515151516,60%,62.7%,4.7%,15.3%,10.1%,1.0,15.6%,16.4%,30.5%,28.2%,36%,5.8,002676,"BUTKEVICIUS, ARNAS",31,https://media-cdn.incrowdsports.com/3ba2c9c3-0b9d-4637-b61f-d131f62eb111.png,ZAL,ZAL,Zalgiris Kaunas,https://media-cdn.incrowdsports.com/0aa09358-3847-4c4e-b228-3582ee4e536d.png
129,28.0,14.94702380952381,50.3%,52.5%,2.9%,8.9%,6%,1.4,18.4%,13%,22.5%,41.8%,14.7%,7.9,007947,"VILDOZA, LUCA",28,https://media-cdn.incrowdsports.com/f35454b8-6ad3-4820-a3b7-bb405ec2f11b.png,PAN,PAO,Panathinaikos AKTOR Athens,https://media-cdn.incrowdsports.com/e3dff28a-9ec6-4faf-9d96-ecbc68f75780.png
130,28.0,13.096428571428572,52%,60%,1.8%,9.2%,5.6%,1.2,12%,10%,33.4%,33.4%,38%,5.3,000956,"ANDJUSIC, DANILO",32,https://media-cdn.incrowdsports.com/09afdf60-b0bf-4e1a-808e-5c9387634da5.png,PAR,PAR,Partizan Mozzart Bet Belgrade,https://media-cdn.incrowdsports.com/2681304e-77dd-4331-88b1-683078c0fb49.png
131,22.0,15.837121212121213,52.2%,52.9%,9.3%,20.4%,14.8%,1.3,19.3%,14.9%,51%,9.7%,18.8%,5.2,012731,"NDIAYE, MBAYE",24,https://media-cdn.incrowdsports.com/076d8785-7cf2-40b6-a44d-50c7bfaade02.png,ASV,ASV,LDLC ASVEL Villeurbanne,https://media-cdn.incrowdsports.com/e33c6d1a-95ca-4dbc-b8cb-0201812104cc.png
132,37.0,13.111711711711711,44.3%,50%,1.8%,7.4%,4.7%,1.5,19.3%,12.9%,21.8%,37.9%,31.1%,7.6,010392,"LARENTZAKIS, GIANNOULIS",30,https://media-cdn.incrowdsports.com/c1536463-815c-428c-ab5b-28aefb470e70.png,OLY,OLY,Olympiacos Piraeus,https://media-cdn.incrowdsports.com/789423ac-3cdf-4b89-b11c-b458aa5f59a6.png
132,30.0,12.865,60.3%,63.3%,11.3%,14.3%,12.8%,0.1,2.5%,18.4%,67.8%,3.2%,25.9%,5.3,009960,"POYTHRESS, ALEX",30,https://media-cdn.incrowdsports.com/569f97d4-5c6f-4b4b-90ae-d0f73d1b7b07.png,MIL,EA7,EA7 Emporio Armani Milan,https://media-cdn.incrowdsports.com/8154f184-c61a-4e7f-b14d-9d802e35cb95.png
134,32.0,15.21875,56.1%,58.6%,3.1%,6.3%,4.8%,1.5,17.6%,12.1%,33.2%,33.2%,13.6%,6.2,001392,"CAUSEUR, FABIEN",36,https://media-cdn.incrowdsports.com/b3c95cd7-3de5-43e7-a89c-1965bcb0042d.png,MAD,RMB,Real Madrid,https://media-cdn.incrowdsports.com/1a3e1404-4f6f-4ede-9d8b-30eee7cb51b4.png
134,33.0,17.85959595959596,51.9%,53.1%,3.4%,7.2%,5.3%,1.7,19.8%,11.5%,31.6%,33.7%,11.7%,8.7,003211,"DIMSA, TOMAS",29,https://media-cdn.incrowdsports.com/f5a9303d-e74d-4955-8a7a-30ac7ec50c2c.png,ZAL,ZAL,Zalgiris Kaunas,https://media-cdn.incrowdsports.com/0aa09358-3847-4c4e-b228-3582ee4e536d.png
134,29.0,13.464942528735632,65.6%,67.2%,4.9%,9.2%,7%,0.9,8.7%,9.9%,30.3%,45.2%,18%,5.6,011085,"ROGKAVOPOULOS, NIKOLAOS",22,https://media-cdn.incrowdsports.com/6d8f00bc-663e-45bb-956c-d37cdb14a2f5.png,BAS,BKN,Baskonia Vitoria-Gasteiz,https://media-cdn.incrowdsports.com/e324a6af-2a72-443e-9813-8bf2d364ddab.png
137,22.0,16.453787878787878,43.5%,52.6%,0.6%,5.2%,2.9%,1.7,19.2%,11.4%,26.7%,31%,46.3%,11.6,011970,"HARPER, JARED",26,https://media-cdn.incrowdsports.com/8d5ed5cf-154c-4dbb-924e-d56d7a62cbdc.png,PAM,VBC,Valencia Basket,https://media-cdn.incrowdsports.com/efd12730-f2ea-4830-9caa-7f2f676079c2.png
137,30.0,13.518888888888888,52.7%,58.5%,3.1%,7.5%,5.3%,2.2,30.7%,14.1%,27.2%,20.2%,37.2%,6.6,011052,"MADAR, YAM",23,https://media-cdn.incrowdsports.com/54cc5e18-c662-4801-96a2-03316f3683ec.png,ULK,FBB,Fenerbahce Beko Istanbul,https://media-cdn.incrowdsports.com/0233ebbb-f3a2-49ea-837c-7fd3e661e672.png
139,31.0,15.428494623655915,59.1%,62.8%,2%,6.8%,4.4%,1.0,16.2%,15.7%,35.5%,25.1%,28.4%,6.2,000229,"JACKSON, EDWIN",34,https://media-cdn.incrowdsports.com/e806694a-57e4-420d-b471-a176088ded19.png,ASV,ASV,LDLC ASVEL Villeurbanne,https://media-cdn.incrowdsports.com/e33c6d1a-95ca-4dbc-b8cb-0201812104cc.png
139,32.0,15.1984375,46.2%,47.5%,1%,8.7%,5.2%,2.8,40.7%,14.6%,17.6%,26%,5.5%,10.5,CVM,"RODRIGUEZ, SERGIO",37,https://media-cdn.incrowdsports.com/d605b7e7-d619-4620-93b1-5979b22592bc.png,MAD,RMB,Real Madrid,https://media-cdn.incrowdsports.com/1a3e1404-4f6f-4ede-9d8b-30eee7cb51b4.png
141,31.0,13.605913978494625,59.1%,60%,11.3%,17%,14.2%,1.0,17.4%,16.6%,50.5%,7.5%,31.2%,4.3,010393,"PRADILLA, JAIME",22,https://media-cdn.incrowdsports.com/9c8c8d4f-31d8-4c05-bf26-60334b55cf5d.png,PAM,VBC,Valencia Basket,https://media-cdn.incrowdsports.com/efd12730-f2ea-4830-9caa-7f2f676079c2.png
142,37.0,14.65720720720721,51.8%,53%,9.8%,11.4%,10.6%,1.7,10.5%,6.3%,53.9%,23.1%,18.2%,3.9,011244,"DA SILVA, OSCAR",25,https://media-cdn.incrowdsports.com/3bcb4aee-7afe-4520-9995-117fdb9ff929.png,BAR,BAR,FC Barcelona,https://media-cdn.incrowdsports.com/35dfa503-e417-481f-963a-bdf6f013763e.png
142,25.0,20.493333333333336,41.2%,46.7%,2.2%,10.8%,6.4%,1.4,25.1%,18.1%,41.1%,10.5%,23.2%,13.7,008173,"SPAGNOLO, MATTEO",20,https://media-cdn.incrowdsports.com/6fc4ac11-a1b9-48f5-9b38-3fde00c21593.png,BER,BER,ALBA Berlin,https://media-cdn.incrowdsports.com/ccc34858-22b0-47dc-904c-9940b0a16ff3.png
144,25.0,16.416666666666668,48.6%,52.7%,6.1%,17.2%,11.5%,1.0,13.9%,13.3%,35%,31.4%,21.8%,6.6,005356,"LOPEZ-AROSTEGUI, XABI",26,https://media-cdn.incrowdsports.com/8d108cea-6042-4ca0-b952-d7885a06a3f3.png,PAM,VBC,Valencia Basket,https://media-cdn.incrowdsports.com/efd12730-f2ea-4830-9caa-7f2f676079c2.png
145,34.0,16.88480392156863,48.2%,50.5%,5.5%,10.5%,7.9%,1.4,25.5%,18.8%,22.7%,29.7%,14%,9.2,008211,"DELOW, MALTE",22,https://media-cdn.incrowdsports.com/2181d32d-6f6a-4ccb-8604-4a2c1db223b4.png,BER,BER,ALBA Berlin,https://media-cdn.incrowdsports.com/ccc34858-22b0-47dc-904c-9940b0a16ff3.png
146,27.0,15.43148148148148,50%,51.9%,6.8%,16.4%,11.5%,1.5,14.3%,9.8%,44.3%,27%,14.7%,4.9,012721,"BEAN, JUSTIN",27,https://media-cdn.incrowdsports.com/801bfe14-b430-48ee-a653-6ca769588d34.png,BER,BER,ALBA Berlin,https://media-cdn.incrowdsports.com/ccc34858-22b0-47dc-904c-9940b0a16ff3.png
146,29.0,14.78103448275862,54.6%,59%,5.2%,10.7%,7.8%,2.2,19%,8.6%,15.4%,51.6%,18.3%,5.6,007990,"DIBARTOLOMEO, JOHN",32,https://media-cdn.incrowdsports.com/c9a8abcb-10f3-465a-aec2-d38d960cab2e.png,TEL,MTA,Maccabi Playtika Tel Aviv,https://media-cdn.incrowdsports.com/5c55ef14-29df-4328-bd52-a7a64c432350.png
148,21.0,19.33015873015873,56.3%,58.4%,1.2%,9.7%,5.4%,2.1,25.5%,12.3%,25.1%,32.8%,16.5%,10.4,007032,"LO, MAODO",31,https://media-cdn.incrowdsports.com/da9757a7-b8fb-4861-b768-c3c2a63c759c.png,MIL,EA7,EA7 Emporio Armani Milan,https://media-cdn.incrowdsports.com/8154f184-c61a-4e7f-b14d-9d802e35cb95.png
149,34.0,17.04656862745098,50.5%,54.3%,3.1%,9.8%,6.4%,2.8,39.5%,14.2%,13.4%,27.3%,31.1%,7.7,006739,"PAJOLA, ALESSANDRO",24,https://media-cdn.incrowdsports.com/afc9f9b3-8ade-4381-b89e-b1b5c98f2a4c.png,VIR,VIR,Virtus Segafredo Bologna,https://media-cdn.incrowdsports.com/4af5e83b-f2b5-4fba-a87c-1f85837a508a.png
150,29.0,17.07873563218391,63.4%,64%,2%,11.1%,6.6%,2.0,18.7%,9.4%,34.2%,33.6%,13.8%,6.3,006509,"TONUT, STEFANO",30,https://media-cdn.incrowdsports.com/e4945643-2a41-4c5a-b7e6-714ec78324ce.png,MIL,EA7,EA7 Emporio Armani Milan,https://media-cdn.incrowdsports.com/8154f184-c61a-4e7f-b14d-9d802e35cb95.png
151,33.0,18.058585858585857,48.1%,50.7%,0.4%,6.6%,3.7%,1.9,18.2%,9.8%,23.6%,42.9%,18.6%,10.8,TGB,"LLULL, SERGIO",36,https://media-cdn.incrowdsports.com/59385b53-a914-4249-b46c-5252efc65096.png,MAD,RMB,Real Madrid,https://media-cdn.incrowdsports.com/1a3e1404-4f6f-4ede-9d8b-30eee7cb51b4.png
152,22.0,15.621969696969698,49.5%,56%,3.3%,21.4%,12.7%,0.9,9.2%,9.9%,58.5%,9.2%,44.7%,6.9,011194,"PETRUSEV, FILIP",23,https://media-cdn.incrowdsports.com/6f62dd74-b9bd-4233-b56c-e8bbc2ee15b4.png,OLY,OLY,Olympiacos Piraeus,https://media-cdn.incrowdsports.com/789423ac-3cdf-4b89-b11c-b458aa5f59a6.png
153,31.0,16.22741935483871,66.8%,69.4%,4.3%,12.6%,8.5%,0.8,10.3%,12.7%,31.9%,39.7%,17.1%,6.6,006961,"BIBEROVIC, TARIK",22,https://media-cdn.incrowdsports.com/d648ca47-1b40-48ec-8b3d-ecf6dced7d18.png,ULK,FBB,Fenerbahce Beko Istanbul,https://media-cdn.incrowdsports.com/0233ebbb-f3a2-49ea-837c-7fd3e661e672.png
153,17.0,13.887254901960786,71.6%,71.2%,9.9%,15.3%,12.7%,0.7,6.8%,10.3%,59.9%,3.4%,70.3%,6.9,012878,"WRIGHT, MOSES",25,https://media-cdn.incrowdsports.com/36db5b63-85eb-47e3-824e-47e741a71c7a.png,OLY,OLY,Olympiacos Piraeus,https://media-cdn.incrowdsports.com/789423ac-3cdf-4b89-b11c-b458aa5f59a6.png
155,39.0,14.161538461538461,50.3%,54.4%,7.6%,6.5%,7.1%,1.5,11.6%,7.9%,44.8%,24.5%,36.5%,6.2,012744,"CLEVELAND, ANTONIUS",29,https://media-cdn.incrowdsports.com/ff56c399-8c7a-4744-9abc-7105f666168e.png,TEL,MTA,Maccabi Playtika Tel Aviv,https://media-cdn.incrowdsports.com/5c55ef14-29df-4328-bd52-a7a64c432350.png
156,20.0,22.505833333333335,47.7%,54%,2.3%,12.5%,7.3%,1.9,15.7%,8.3%,34.6%,32.6%,29.8%,12.7,009754,"LOYD, JORDAN",30,https://media-cdn.incrowdsports.com/f80356b1-d78b-46dd-b324-3b53d055cdd6.png,MCO,ASM,AS Monaco,https://media-cdn.incrowdsports.com/89ed276a-2ba3-413f-8ea2-b3be209ca129.png
157,27.0,17.31851851851852,66%,68.1%,3.9%,9.4%,6.6%,0.7,7.7%,10.7%,19%,57.1%,16.4%,6.2,003478,"ABRINES, ALEX",30,https://media-cdn.incrowdsports.com/82085812-e75c-470e-b6f7-e043c192db2e.png,BAR,BAR,FC Barcelona,https://media-cdn.incrowdsports.com/35dfa503-e417-481f-963a-bdf6f013763e.png
158,31.0,16.40430107526882,43.6%,49.3%,7.8%,17.8%,13%,0.6,9%,14.1%,26%,40.7%,34.7%,5.7,012712,"HERNANGOMEZ, JUANCHO",28,https://media-cdn.incrowdsports.com/8beb7faa-4978-4528-aae6-70d504d3cd98.png,PAN,PAO,Panathinaikos AKTOR Athens,https://media-cdn.incrowdsports.com/e3dff28a-9ec6-4faf-9d96-ecbc68f75780.png
159,23.0,18.016666666666666,57.8%,58.9%,7.9%,16.3%,12%,1.1,8.7%,8.2%,47%,33.9%,6.1%,8.0,LHK,"PLEISS, TIBOR",34,https://media-cdn.incrowdsports.com/e66eca1f-54a1-4947-a0ef-2013de919d10.png,IST,EFS,Anadolu Efes Istanbul,https://media-cdn.incrowdsports.com/8ea8cec7-d8f7-45f4-a956-d976b5867610.png
160,17.0,22.00686274509804,63.5%,66.2%,5.5%,12.6%,8.9%,1.7,15.8%,9.2%,33.5%,34.8%,22.1%,8.9,006919,"OLINDE, LOUIS",25,https://media-cdn.incrowdsports.com/b4d66476-cd7b-4c9d-8de5-86e7fc7b01f6.png,BER,BER,ALBA Berlin,https://media-cdn.incrowdsports.com/ccc34858-22b0-47dc-904c-9940b0a16ff3.png
161,27.0,20.02283950617284,52.1%,55.4%,7.6%,13.1%,10.2%,0.6,9%,15.7%,63%,2%,36.1%,9.5,011934,"WETZELL, YANNI",27,https://media-cdn.incrowdsports.com/141853ce-3333-41a9-86d5-c2e89146d064.png,BER,BER,ALBA Berlin,https://media-cdn.incrowdsports.com/ccc34858-22b0-47dc-904c-9940b0a16ff3.png
162,27.0,16.96358024691358,58.6%,59.7%,2.3%,10.9%,6.7%,2.5,35.1%,14.1%,30.1%,15%,28.3%,8.1,004863,"JOVIC, STEFAN",33,https://media-cdn.incrowdsports.com/c4ac0a9d-d109-4e57-8835-43c67f1f2e62.png,PAM,VBC,Valencia Basket,https://media-cdn.incrowdsports.com/efd12730-f2ea-4830-9caa-7f2f676079c2.png
163,28.0,18.84583333333333,56.3%,57.9%,3.2%,19.6%,11.3%,0.7,7.6%,10.7%,25.1%,52.8%,10.9%,8.0,012715,"MANEK, BRADY",25,https://media-cdn.incrowdsports.com/559d1f9f-d51c-43a2-afc7-22058fd024d8.png,ZAL,ZAL,Zalgiris Kaunas,https://media-cdn.incrowdsports.com/0aa09358-3847-4c4e-b228-3582ee4e536d.png
164,22.0,15.466666666666667,68.4%,68.1%,12.5%,17.3%,14.9%,0.7,8.2%,12.3%,67.1%,0%,41.8%,6.6,012788,"OTURU, DAN",24,https://media-cdn.incrowdsports.com/eb8adc63-f593-4b9d-9383-66e9f8378f74.png,IST,EFS,Anadolu Efes Istanbul,https://media-cdn.incrowdsports.com/8ea8cec7-d8f7-45f4-a956-d976b5867610.png
164,31.0,15.858602150537635,65.4%,68.1%,8.6%,9%,8.8%,0.9,10.9%,12.7%,49%,15.7%,41.1%,5.3,011051,"SMAILAGIC, ALEN",23,https://media-cdn.incrowdsports.com/fe418921-61d3-4ae5-8d11-42b9624c5f24.png,PAR,PAR,Partizan Mozzart Bet Belgrade,https://media-cdn.incrowdsports.com/2681304e-77dd-4331-88b1-683078c0fb49.png
164,30.0,14.283333333333333,64.6%,64.6%,8.9%,14%,11.4%,0.9,12%,13.4%,64.3%,0%,36.5%,5.0,004554,"ZIZIC, ANTE",26,https://media-cdn.incrowdsports.com/7586f603-402a-4b71-bf7e-e21af1d31e7d.png,VIR;IST,VIR;EFS,Virtus Segafredo Bologna;Anadolu Efes Istanbul,https://media-cdn.incrowdsports.com/4af5e83b-f2b5-4fba-a87c-1f85837a508a.png;https://media-cdn.incrowdsports.com/8ea8cec7-d8f7-45f4-a956-d976b5867610.png
167,36.0,15.516203703703704,47.8%,49.2%,3.3%,9.2%,6.2%,2.3,29.7%,12.9%,40.6%,13.8%,12.4%,9.4,007519,"JOKUBAITIS, ROKAS",23,https://media-cdn.incrowdsports.com/c61159c4-6bb4-48e7-a433-35249fd5237b.png,BAR,BAR,FC Barcelona,https://media-cdn.incrowdsports.com/35dfa503-e417-481f-963a-bdf6f013763e.png
168,31.0,19.29784946236559,56.9%,59%,3.2%,15.4%,9.1%,1.6,11.6%,7.3%,33.5%,41.4%,18.7%,5.3,007960,"DAVIDOVAC, DEJAN",28,https://media-cdn.incrowdsports.com/b4c2dfdc-3e90-4285-b765-5f45242464f5.png,RED,CZV,Crvena Zvezda Meridianbet Belgrade,https://media-cdn.incrowdsports.com/d2eef4a8-62df-4fdd-9076-276004268515.png
168,26.0,18.18846153846154,53.2%,55.3%,9.9%,15.9%,12.8%,0.4,6.2%,14.5%,55%,17%,23%,9.3,008847,"MICKEY, JORDAN",29,https://media-cdn.incrowdsports.com/175bee47-c3c4-4356-9758-3cbd94c48871.png,VIR,VIR,Virtus Segafredo Bologna,https://media-cdn.incrowdsports.com/4af5e83b-f2b5-4fba-a87c-1f85837a508a.png
170,25.0,17.458666666666666,50.3%,54%,3.4%,7.8%,5.5%,0.9,9.6%,10.4%,32.9%,38.8%,26.2%,9.6,008384,"PROCIDA, GABRIELE",21,https://media-cdn.incrowdsports.com/1f1a07a1-24dd-429b-a37b-bf814551f536.png,BER,BER,ALBA Berlin,https://media-cdn.incrowdsports.com/ccc34858-22b0-47dc-904c-9940b0a16ff3.png
171,20.0,25.145833333333336,61.8%,68.7%,2.2%,11.4%,6.7%,1.5,20.8%,13.6%,25.5%,29.7%,43%,8.4,001288,"LUCIC, VLADIMIR",34,https://media-cdn.incrowdsports.com/f475363a-e57e-45e4-9d6f-1742c136681b.png,MUN,BAY,FC Bayern Munich,https://media-cdn.incrowdsports.com/817b0e58-d595-4b09-ab0b-1e7cc26249ff.png
172,32.0,15.759375,55.8%,59.1%,9.5%,13.4%,11.3%,0.5,6.9%,14.2%,57.2%,13.8%,25.5%,7.3,011219,"SORKIN, ROMAN",27,https://media-cdn.incrowdsports.com/1fa51223-ddd5-4f2f-8739-e5b9ff3d5234.png,TEL,MTA,Maccabi Playtika Tel Aviv,https://media-cdn.incrowdsports.com/5c55ef14-29df-4328-bd52-a7a64c432350.png
173,24.0,18.611805555555556,56.6%,59.3%,2.4%,9.4%,6.1%,1.4,15.6%,11.3%,35.7%,31.1%,21.2%,11.8,003983,"AVRAMOVIC, ALEKSA",29,https://media-cdn.incrowdsports.com/d33d5bc0-cc7d-44e1-8e33-16841e9c34d7.png,PAR,PAR,Partizan Mozzart Bet Belgrade,https://media-cdn.incrowdsports.com/2681304e-77dd-4331-88b1-683078c0fb49.png
174,26.0,20.12179487179487,48.7%,49.8%,3%,14.2%,8.5%,1.8,20.4%,11.2%,29.3%,32.6%,23.9%,11.7,005099,"HANGA, ADAM",34,https://media-cdn.incrowdsports.com/f9dd2a24-1b86-4538-aca2-c93136cf6f50.png,RED,CZV,Crvena Zvezda Meridianbet Belgrade,https://media-cdn.incrowdsports.com/d2eef4a8-62df-4fdd-9076-276004268515.png
175,27.0,19.79753086419753,50.4%,54.5%,8.4%,15.8%,12.1%,2.7,15.5%,5.7%,42.4%,30.4%,18.9%,6.5,010560,"PIERRE, DYSHAWN",30,https://media-cdn.incrowdsports.com/e2dc17a9-5315-4f99-bcba-7987f26609f8.png,ULK,FBB,Fenerbahce Beko Istanbul,https://media-cdn.incrowdsports.com/0233ebbb-f3a2-49ea-837c-7fd3e661e672.png
176,32.0,16.340625,55.4%,59.1%,3.6%,7.9%,5.9%,1.0,12.6%,12.2%,33.2%,30.9%,39.3%,8.2,007853,"MCKISSIC, SHAQUIELLE",33,https://media-cdn.incrowdsports.com/b96babe6-19fb-4b0f-8d9c-e644bb9fe435.png,OLY,OLY,Olympiacos Piraeus,https://media-cdn.incrowdsports.com/789423ac-3cdf-4b89-b11c-b458aa5f59a6.png
177,31.0,19.923655913978493,50.7%,54.8%,7.4%,17.5%,12.4%,0.9,15.3%,16.5%,33.4%,27.7%,26.4%,7.8,006760,"BONGA, ISAAC",24,https://media-cdn.incrowdsports.com/c24afb80-8645-4037-a810-d4d987fcedd8.png,MUN,BAY,FC Bayern Munich,https://media-cdn.incrowdsports.com/817b0e58-d595-4b09-ab0b-1e7cc26249ff.png
178,39.0,15.727777777777778,51.5%,55.1%,6.1%,17.8%,11.7%,1.1,7.4%,6.7%,32.5%,45%,24.7%,6.6,011971,"WEBB III, JAMES",30,https://media-cdn.incrowdsports.com/5db88293-4b27-4ff9-883f-ef8cc7bae695.png,TEL,MTA,Maccabi Playtika Tel Aviv,https://media-cdn.incrowdsports.com/5c55ef14-29df-4328-bd52-a7a64c432350.png
179,26.0,23.041666666666668,61.7%,64.1%,4.9%,15.4%,10%,1.6,11.5%,7.1%,27.9%,49.2%,12.8%,7.0,009664,"WILLIS, DEREK",28,https://media-cdn.incrowdsports.com/d09402b3-1a74-497c-babc-5a55076d948a.png,IST,EFS,Anadolu Efes Istanbul,https://media-cdn.incrowdsports.com/8ea8cec7-d8f7-45f4-a956-d976b5867610.png
180,30.0,21.998333333333335,58.4%,61.1%,2.4%,8.4%,5.3%,1.4,14.7%,10.8%,25.8%,43.9%,15.5%,11.1,008967,"THOMAS, MATT",29,https://media-cdn.incrowdsports.com/d944ecb5-7e51-4e48-b723-15d826237dcb.png,BER,BER,ALBA Berlin,https://media-cdn.incrowdsports.com/ccc34858-22b0-47dc-904c-9940b0a16ff3.png
181,36.0,19.289814814814815,62.3%,61.1%,9.3%,13.1%,11.2%,1.6,18.1%,11.2%,57.6%,3.2%,36.8%,5.2,003048,"DUNSTON, BRYANT",37,https://media-cdn.incrowdsports.com/16c0e558-9f45-4da9-b280-d3e74d310182.png,VIR,VIR,Virtus Segafredo Bologna,https://media-cdn.incrowdsports.com/4af5e83b-f2b5-4fba-a87c-1f85837a508a.png
182,29.0,24.122413793103448,50%,53.5%,3.5%,12.7%,8%,1.2,16.2%,13.2%,29.9%,36.3%,15%,14.9,012720,"BROWN, STERLING",28,https://media-cdn.incrowdsports.com/523d35c2-ef95-4304-941d-19d591699324.png,BER,BER,ALBA Berlin,https://media-cdn.incrowdsports.com/ccc34858-22b0-47dc-904c-9940b0a16ff3.png
183,39.0,19.58974358974359,53.6%,54.9%,6.7%,13.5%,10%,0.9,4.3%,4.7%,52.5%,33.1%,14.5%,6.6,011231,"BLOSSOMGAME, JARON",30,https://media-cdn.incrowdsports.com/240ab512-7557-4aa9-8ec2-0baca6b97834.png,MCO,ASM,AS Monaco,https://media-cdn.incrowdsports.com/89ed276a-2ba3-413f-8ea2-b3be209ca129.png
184,34.0,18.665686274509802,57.3%,60.3%,12.1%,14.5%,13.3%,0.5,7.8%,15.1%,68.2%,1.5%,24.5%,6.0,010390,"HAYES, KEVARRIUS",26,https://media-cdn.incrowdsports.com/9412d8bd-e442-41fd-bd17-d9cf800a9c00.png,ZAL,ZAL,Zalgiris Kaunas,https://media-cdn.incrowdsports.com/0aa09358-3847-4c4e-b228-3582ee4e536d.png
184,28.0,16.623214285714287,62.7%,65.1%,14.3%,24.1%,19%,0.3,4.6%,16.3%,66.5%,0%,43.1%,5.5,010791,"KOUMADJE, KHALIFA",27,https://media-cdn.incrowdsports.com/43e0c096-fff8-41d8-ba9e-51b8c330ec93.png,BER,BER,ALBA Berlin,https://media-cdn.incrowdsports.com/ccc34858-22b0-47dc-904c-9940b0a16ff3.png
184,34.0,21.75049019607843,57.4%,59.3%,4.9%,12.6%,8.7%,2.4,26%,10.7%,17.8%,42.4%,11.8%,8.3,010391,"WEILER-BABB, NICK",28,https://media-cdn.incrowdsports.com/27d89a7b-3dfe-4c55-9c3b-11219a9ac033.png,MUN,BAY,FC Bayern Munich,https://media-cdn.incrowdsports.com/817b0e58-d595-4b09-ab0b-1e7cc26249ff.png
187,28.0,19.808333333333334,53.5%,58.1%,1.8%,10%,5.8%,2.1,29.4%,14.3%,24.8%,24.8%,31%,13.3,012044,"DOS SANTOS, YAGO",24,https://media-cdn.incrowdsports.com/e44c9861-4a02-461c-9b9c-ff546198f719.png,RED,CZV,Crvena Zvezda Meridianbet Belgrade,https://media-cdn.incrowdsports.com/d2eef4a8-62df-4fdd-9076-276004268515.png
188,32.0,21.992708333333333,50.6%,52.4%,2%,10.6%,6.5%,2.1,24.2%,11.8%,42%,18.7%,12.5%,13.5,007982,"WILLIAMS-GOSS, NIGEL",29,https://media-cdn.incrowdsports.com/ef5c945e-8fdf-4a80-af5b-35e5cddff238.png,OLY,OLY,Olympiacos Piraeus,https://media-cdn.incrowdsports.com/789423ac-3cdf-4b89-b11c-b458aa5f59a6.png
189,38.0,15.976315789473684,68.5%,68.8%,7.9%,15.6%,11.8%,1.1,14.4%,12.6%,50.3%,19.1%,12.1%,5.7,005844,"PAPAGIANNIS, GEORGIOS",26,https://media-cdn.incrowdsports.com/701d27da-7051-43e2-ba5a-51ace789d9d4.png,ULK,FBB,Fenerbahce Beko Istanbul,https://media-cdn.incrowdsports.com/0233ebbb-f3a2-49ea-837c-7fd3e661e672.png
190,34.0,22.81764705882353,47.3%,51.1%,2%,7%,4.5%,1.1,12.4%,11.6%,33.7%,37.3%,16.3%,14.8,011987,"EDWARDS, CARSEN",25,https://media-cdn.incrowdsports.com/10fcd095-643a-4856-b659-9d35dbc3c754.png,MUN,BAY,FC Bayern Munich,https://media-cdn.incrowdsports.com/817b0e58-d595-4b09-ab0b-1e7cc26249ff.png
190,28.0,23.06607142857143,44.9%,50.9%,2.3%,8.8%,5.5%,1.4,20.8%,14.5%,23.9%,33.2%,30.4%,15.8,011224,"NAPIER, SHABAZZ",32,https://media-cdn.incrowdsports.com/cb98052f-b440-4c88-8a90-975de0df4824.png,RED;MIL,CZV;EA7,Crvena Zvezda Meridianbet Belgrade;EA7 Emporio Armani Milan,https://media-cdn.incrowdsports.com/d2eef4a8-62df-4fdd-9076-276004268515.png;https://media-cdn.incrowdsports.com/8154f184-c61a-4e7f-b14d-9d802e35cb95.png
192,24.0,21.67638888888889,53.3%,58.1%,4.8%,16.9%,10.7%,1.8,21.5%,12.2%,37%,22.5%,26.1%,12.6,009846,"BRYANT, ELIJAH",28,https://media-cdn.incrowdsports.com/e8bd93da-dc88-4bac-9525-d56879603d77.png,IST,EFS,Anadolu Efes Istanbul,https://media-cdn.incrowdsports.com/8ea8cec7-d8f7-45f4-a956-d976b5867610.png
193,30.0,19.78166666666667,52.4%,54.8%,3.6%,13.5%,8.5%,1.7,25.8%,15.3%,40.7%,13.6%,19.3%,13.0,008985,"BOLMARO, LEANDRO",23,https://media-cdn.incrowdsports.com/f04e414d-1238-46a4-ae49-95d575e5bd4b.png,MUN,BAY,FC Bayern Munich,https://media-cdn.incrowdsports.com/817b0e58-d595-4b09-ab0b-1e7cc26249ff.png
193,28.0,21.22202380952381,63.8%,67.3%,4%,12.7%,8.8%,1.2,12.3%,10.7%,47.9%,21.7%,24.1%,8.7,009005,"DECK, GABRIEL",28,https://media-cdn.incrowdsports.com/63c3a2ce-b434-4f83-8335-cb6462256186.png,MAD,RMB,Real Madrid,https://media-cdn.incrowdsports.com/1a3e1404-4f6f-4ede-9d8b-30eee7cb51b4.png
195,29.0,22.227586206896554,56.5%,58.8%,5%,15.9%,10.3%,1.3,11%,8.5%,41.4%,33.9%,15.8%,11.0,012729,"SCOTT, MIKE",35,https://media-cdn.incrowdsports.com/342d883b-4568-498a-add4-501f6a74fa29.png,ASV,ASV,LDLC ASVEL Villeurbanne,https://media-cdn.incrowdsports.com/e33c6d1a-95ca-4dbc-b8cb-0201812104cc.png
196,27.0,19.386419753086418,71.6%,73.3%,9.4%,17.6%,13.5%,0.1,2.4%,16%,47.1%,21.7%,42.5%,7.9,012096,"CABOCLO, BRUNO",28,https://media-cdn.incrowdsports.com/3d66cd91-5c2b-4aee-aa8a-11c071be7ce3.png,PAR,PAR,Partizan Mozzart Bet Belgrade,https://media-cdn.incrowdsports.com/2681304e-77dd-4331-88b1-683078c0fb49.png
196,30.0,17.21388888888889,62.4%,63.8%,8.3%,16.9%,12.7%,2.3,17.2%,7.5%,43.8%,23%,28.5%,9.3,012743,"KAMINSKY, FRANK",30,https://media-cdn.incrowdsports.com/b6f972a7-dadd-44ca-9b87-6fcc4ea38e8c.png,PAR,PAR,Partizan Mozzart Bet Belgrade,https://media-cdn.incrowdsports.com/2681304e-77dd-4331-88b1-683078c0fb49.png
198,38.0,17.603947368421053,56.1%,60.1%,2.8%,9.7%,6.2%,1.2,13%,10.5%,32.4%,36.1%,26.3%,9.5,009849,"DORSEY, TYLER",27,https://media-cdn.incrowdsports.com/88e73e31-c7d4-401e-9064-c96bd0dc46d6.png,ULK,FBB,Fenerbahce Beko Istanbul,https://media-cdn.incrowdsports.com/0233ebbb-f3a2-49ea-837c-7fd3e661e672.png
199,21.0,21.878571428571426,52.2%,59.2%,0.8%,8.9%,4.9%,1.9,24.8%,13%,24.2%,28.8%,39.7%,16.5,002100,"DE COLO, NANDO",36,https://media-cdn.incrowdsports.com/c950270a-5c1e-4002-988f-06524bf28997.png,ASV,ASV,LDLC ASVEL Villeurbanne,https://media-cdn.incrowdsports.com/e33c6d1a-95ca-4dbc-b8cb-0201812104cc.png
200,32.0,24.0796875,54%,56.9%,3.1%,11.8%,7.4%,1.9,19.1%,9.9%,36.4%,29.6%,17.3%,10.1,011205,"HALL, DEVON",28,https://media-cdn.incrowdsports.com/cdf0bf1c-7ff2-458b-9aa4-8e7e86509266.png,MIL,EA7,EA7 Emporio Armani Milan,https://media-cdn.incrowdsports.com/8154f184-c61a-4e7f-b14d-9d802e35cb95.png
201,27.0,21.09938271604938,50.5%,56.5%,2.5%,8.9%,5.6%,3.0,36.3%,12.2%,11.2%,33.1%,37.3%,16.1,JDR,"TEODOSIC, MILOS",36,https://media-cdn.incrowdsports.com/d3a9b88c-cfa4-4981-bd7c-78b1a3fe70f6.png,RED,CZV,Crvena Zvezda Meridianbet Belgrade,https://media-cdn.incrowdsports.com/d2eef4a8-62df-4fdd-9076-276004268515.png
202,38.0,18.878947368421052,57.2%,59.2%,1.1%,8.2%,4.5%,2.7,38.3%,14.3%,8.8%,36.4%,11.2%,12.5,011193,"BLATT, TAMIR",26,https://media-cdn.incrowdsports.com/3917b649-4ee3-4d16-b9cb-80492e4ba2a6.png,TEL,MTA,Maccabi Playtika Tel Aviv,https://media-cdn.incrowdsports.com/5c55ef14-29df-4328-bd52-a7a64c432350.png
203,31.0,23.168817204301074,54.7%,57.6%,2.3%,9.2%,5.7%,2.6,19%,7.3%,36.1%,32.6%,16.6%,11.9,006590,"BEAUBOIS, RODRIGUE",35,https://media-cdn.incrowdsports.com/900ca151-c57f-4d4d-874b-a156e545de30.png,IST,EFS,Anadolu Efes Istanbul,https://media-cdn.incrowdsports.com/8ea8cec7-d8f7-45f4-a956-d976b5867610.png
203,35.0,19.294761904761906,52.6%,55.2%,2.3%,10.6%,6.4%,1.6,17%,10.7%,35.1%,31%,21.6%,11.8,010781,"LUNDBERG, IFFE",29,https://media-cdn.incrowdsports.com/1dabc822-6593-4754-8823-91851cf5a874.png,VIR,VIR,Virtus Segafredo Bologna,https://media-cdn.incrowdsports.com/4af5e83b-f2b5-4fba-a87c-1f85837a508a.png
205,28.0,26.488095238095237,52%,55.3%,6.3%,18.3%,12.2%,0.6,10.2%,15.9%,51.6%,15.9%,21.3%,11.9,007056,"BOOKER, DEVIN",32,https://media-cdn.incrowdsports.com/4a74d1e7-6936-4372-810e-a5c08803d441.png,MUN,BAY,FC Bayern Munich,https://media-cdn.incrowdsports.com/817b0e58-d595-4b09-ab0b-1e7cc26249ff.png
206,34.0,15.115686274509802,64.5%,65.2%,11.1%,19.4%,15.2%,0.7,8.5%,11.8%,69.9%,0%,32%,7.2,005504,"BIRUTIS, LAURYNAS",26,https://media-cdn.incrowdsports.com/9212b919-2828-4e63-a360-dea1e4117ea7.png,ZAL,ZAL,Zalgiris Kaunas,https://media-cdn.incrowdsports.com/0aa09358-3847-4c4e-b228-3582ee4e536d.png
206,38.0,13.621491228070175,74%,72.9%,11.9%,18.7%,15.2%,1.2,10.3%,8.3%,63.5%,0.6%,61%,4.1,011196,"HALL, DONTA",26,https://media-cdn.incrowdsports.com/92dc942c-cb96-4d54-8e96-d193c0474bf1.png,MCO,ASM,AS Monaco,https://media-cdn.incrowdsports.com/89ed276a-2ba3-413f-8ea2-b3be209ca129.png
208,36.0,25.288888888888888,47.1%,50.6%,8.8%,8.7%,8.7%,2.0,17.6%,9%,64.6%,1.4%,25.7%,8.0,010588,"BROWN, JOHN",31,https://media-cdn.incrowdsports.com/09149cb5-7de1-43c4-a83f-be0d8dc6d209.png,MCO,ASM,AS Monaco,https://media-cdn.incrowdsports.com/89ed276a-2ba3-413f-8ea2-b3be209ca129.png
209,39.0,18.086752136752136,51.8%,55.7%,9.1%,12%,10.5%,1.7,17.5%,10.6%,61.2%,0%,39.9%,7.0,004603,"KOTSAR, MAIK",27,https://media-cdn.incrowdsports.com/e89ad524-3cb3-43fa-991e-dfa5c5068d19.png,BAS,BKN,Baskonia Vitoria-Gasteiz,https://media-cdn.incrowdsports.com/e324a6af-2a72-443e-9813-8bf2d364ddab.png
210,32.0,20.525520833333335,52.4%,55.7%,7.3%,19.7%,13.4%,1.2,16.5%,13.5%,54.4%,7.5%,30%,10.4,003960,"INGLIS, DAMIEN",28,https://media-cdn.incrowdsports.com/d3a3524b-3710-4ede-b9b0-d32178fd6fa6.png,PAM,VBC,Valencia Basket,https://media-cdn.incrowdsports.com/efd12730-f2ea-4830-9caa-7f2f676079c2.png
211,28.0,28.135714285714283,53.1%,58.2%,1.9%,12.2%,7%,1.0,14.5%,14.7%,41%,21.1%,32.1%,15.8,012080,"LUWAWU-CABARROT, TIMOTHE",28,https://media-cdn.incrowdsports.com/cbe1ddf4-6919-4eb7-ae7b-d79dbf72a3e5.png,ASV,ASV,LDLC ASVEL Villeurbanne,https://media-cdn.incrowdsports.com/e33c6d1a-95ca-4dbc-b8cb-0201812104cc.png
212,37.0,25.827477477477476,55.2%,58.6%,2.9%,8.1%,5.5%,1.6,13%,8.2%,25.5%,46.2%,22.9%,11.9,004761,"MARINKOVIC, VANJA",26,https://media-cdn.incrowdsports.com/9ba1a789-9eeb-4ef0-a714-df7f0699472a.png,BAS,BKN,Baskonia Vitoria-Gasteiz,https://media-cdn.incrowdsports.com/e324a6af-2a72-443e-9813-8bf2d364ddab.png
212,34.0,20.211764705882356,54.4%,56.1%,6.3%,20.7%,13.5%,1.5,21.6%,14.3%,34%,25.2%,19%,9.7,007201,"VOIGTMANN, JOHANNES",31,https://media-cdn.incrowdsports.com/e3e54d91-0fcf-4590-8adb-a75be4078f9a.png,MIL,EA7,EA7 Emporio Armani Milan,https://media-cdn.incrowdsports.com/8154f184-c61a-4e7f-b14d-9d802e35cb95.png
214,35.0,22.756190476190476,52.2%,57.1%,0.9%,7.8%,4.3%,1.4,11.2%,8.2%,27.6%,44.4%,26.9%,15.3,BCN,"BELINELLI, MARCO",37,https://media-cdn.incrowdsports.com/d772339a-e940-49b9-86df-e82e76784315.png,VIR,VIR,Virtus Segafredo Bologna,https://media-cdn.incrowdsports.com/4af5e83b-f2b5-4fba-a87c-1f85837a508a.png
214,31.0,22.304301075268814,54%,57.3%,4.6%,15.4%,10%,1.7,22.2%,13.1%,38.9%,19.7%,23.7%,11.6,009549,"CORDINIER, ISAIA",27,https://media-cdn.incrowdsports.com/c7b66d18-1004-467a-9bb8-c923e75f60fa.png,VIR,VIR,Virtus Segafredo Bologna,https://media-cdn.incrowdsports.com/4af5e83b-f2b5-4fba-a87c-1f85837a508a.png
216,34.0,17.53578431372549,63.4%,65.1%,13.4%,16.6%,14.9%,1.1,13.1%,11.6%,65.3%,0%,34.8%,7.4,011981,"JONES, TYRIQUE",26,https://media-cdn.incrowdsports.com/9c64e5b3-95be-4864-9c45-d986aa72e390.png,IST,EFS,Anadolu Efes Istanbul,https://media-cdn.incrowdsports.com/8ea8cec7-d8f7-45f4-a956-d976b5867610.png
217,39.0,24.57905982905983,53.2%,53.8%,4.1%,13.5%,8.8%,1.8,22.5%,12.7%,30.3%,31.2%,12.3%,10.5,004866,"KALINIC, NIKOLA",32,https://media-cdn.incrowdsports.com/9d806ada-7644-4164-8203-a3847a550c0a.png,BAR,BAR,FC Barcelona,https://media-cdn.incrowdsports.com/35dfa503-e417-481f-963a-bdf6f013763e.png
217,31.0,22.937634408602154,59.8%,61.9%,6.1%,16.9%,11.5%,1.0,11.2%,11.5%,38.8%,32.9%,18%,11.0,007109,"SMITS, ROLANDS",28,https://media-cdn.incrowdsports.com/8af1382c-4c58-44d9-9443-84c54902eb21.png,ZAL,ZAL,Zalgiris Kaunas,https://media-cdn.incrowdsports.com/0aa09358-3847-4c4e-b228-3582ee4e536d.png
219,33.0,21.002525252525253,53.6%,55.7%,4.8%,13.4%,9.2%,1.5,23.3%,15.1%,37.9%,19.2%,17.8%,13.4,012742,"DOZIER JR, PERRY",27,https://media-cdn.incrowdsports.com/4997cc73-0024-4ac2-a1f4-cb1768ba12f2.png,PAR,PAR,Partizan Mozzart Bet Belgrade,https://media-cdn.incrowdsports.com/2681304e-77dd-4331-88b1-683078c0fb49.png
219,34.0,24.427941176470586,54.8%,55.9%,4.2%,16%,10.1%,2.0,20.9%,10.5%,38.5%,23.1%,26%,9.6,002849,"MELLI, NICOLO",32,https://media-cdn.incrowdsports.com/c1a69ae8-2551-4836-aed3-ef89240e5ed5.png,MIL,EA7,EA7 Emporio Armani Milan,https://media-cdn.incrowdsports.com/8154f184-c61a-4e7f-b14d-9d802e35cb95.png
221,34.0,25.420098039215684,52.6%,56.3%,6.3%,11.1%,8.6%,1.2,8.8%,7.5%,40.1%,35.7%,23.7%,10.6,006436,"GIEDRAITIS, ROKAS",31,https://media-cdn.incrowdsports.com/6fe43af3-6b7c-458d-b2e6-ac610f2de6a2.png,RED,CZV,Crvena Zvezda Meridianbet Belgrade,https://media-cdn.incrowdsports.com/d2eef4a8-62df-4fdd-9076-276004268515.png
222,35.0,25.98190476190476,50.5%,54.7%,2.7%,6.7%,4.7%,1.7,19.5%,11.1%,39.2%,23.7%,23.4%,14.4,011078,"THOMPSON, DARIUS",28,https://media-cdn.incrowdsports.com/ade6b448-52d5-4a3d-921b-2162c899dfc9.png,IST,EFS,Anadolu Efes Istanbul,https://media-cdn.incrowdsports.com/8ea8cec7-d8f7-45f4-a956-d976b5867610.png
223,33.0,22.195959595959597,56.3%,57.6%,6.3%,15.7%,11%,1.6,15%,9.5%,33.4%,37.5%,14.6%,11.1,010444,"COSTELLO, MATTHEW",30,https://media-cdn.incrowdsports.com/cca68c8b-f1c3-4502-bb2f-f84e76c4a6ee.png,BAS,BKN,Baskonia Vitoria-Gasteiz,https://media-cdn.incrowdsports.com/e324a6af-2a72-443e-9813-8bf2d364ddab.png
224,28.0,22.35892857142857,52.5%,57.2%,6%,14%,10%,1.0,13.8%,13.5%,51.9%,12%,31.2%,14.5,007870,"DAVIES, BRANDON",32,https://media-cdn.incrowdsports.com/f1d1b6b1-7997-40da-bbf6-c8d5efdee40c.png,PAM,VBC,Valencia Basket,https://media-cdn.incrowdsports.com/efd12730-f2ea-4830-9caa-7f2f676079c2.png
224,32.0,24.079166666666666,53.1%,58.1%,2.6%,13.2%,8%,2.3,29.7%,12.9%,26.9%,23%,34.2%,12.1,001844,"HACKETT, DANIEL",36,https://media-cdn.incrowdsports.com/e4e69e0a-8499-422a-a518-b08b65aa263e.png,VIR,VIR,Virtus Segafredo Bologna,https://media-cdn.incrowdsports.com/4af5e83b-f2b5-4fba-a87c-1f85837a508a.png
226,41.0,23.056504065040652,61%,64.7%,1.2%,5.2%,3.3%,1.3,12.9%,10.3%,21.2%,48.3%,23.9%,11.2,010612,"CANAAN, ISAIAH",32,https://media-cdn.incrowdsports.com/39bde5be-94c3-4430-83ac-352a20c4f646.png,OLY,OLY,Olympiacos Piraeus,https://media-cdn.incrowdsports.com/789423ac-3cdf-4b89-b11c-b458aa5f59a6.png
226,40.0,15.629166666666666,57.4%,60.2%,11.1%,11.9%,11.5%,1.0,11.4%,11.1%,62%,2.2%,47.4%,8.1,011214,"RIVERO, JASIEL",30,https://media-cdn.incrowdsports.com/d29afc02-b14c-4783-9b0e-e1eda98e28ce.png,TEL,MTA,Maccabi Playtika Tel Aviv,https://media-cdn.incrowdsports.com/5c55ef14-29df-4328-bd52-a7a64c432350.png
228,33.0,19.28989898989899,48.8%,53.9%,2.4%,8.4%,5.4%,2.5,22.3%,8.9%,26.1%,34.8%,30%,14.3,007975,"FRANCISCO, SYLVAIN",26,https://media-cdn.incrowdsports.com/d8ed0384-c072-4d4b-abd9-387733b0534a.png,MUN,BAY,FC Bayern Munich,https://media-cdn.incrowdsports.com/817b0e58-d595-4b09-ab0b-1e7cc26249ff.png
228,37.0,21.472522522522524,54.1%,60.3%,1.9%,12.2%,7.1%,1.7,21.5%,12.5%,27.2%,30.3%,33.3%,11.4,004004,"GUDURIC, MARKO",28,https://media-cdn.incrowdsports.com/bea99e3f-f43c-4e69-b51e-51fb76f122eb.png,ULK,FBB,Fenerbahce Beko Istanbul,https://media-cdn.incrowdsports.com/0233ebbb-f3a2-49ea-837c-7fd3e661e672.png
228,38.0,25.082894736842103,54.6%,56.1%,3.8%,13.9%,9%,2.3,25.9%,11.1%,22.4%,35.5%,20%,10.5,001255,"PAPANIKOLAOU, KOSTAS",33,https://media-cdn.incrowdsports.com/5b36d62c-c223-4ec4-a73c-14434416742c.png,OLY,OLY,Olympiacos Piraeus,https://media-cdn.incrowdsports.com/789423ac-3cdf-4b89-b11c-b458aa5f59a6.png
231,41.0,24.70772357723577,61.4%,64.5%,1.7%,10.9%,6.5%,1.5,14.2%,9.5%,26.1%,44.3%,18.7%,9.2,002328,"GRIGONIS, MARIUS",29,https://media-cdn.incrowdsports.com/2371b4bf-c177-43aa-97e4-f3aa3a66e4b0.png,PAN,PAO,Panathinaikos AKTOR Athens,https://media-cdn.incrowdsports.com/e3dff28a-9ec6-4faf-9d96-ecbc68f75780.png
232,38.0,24.003508771929823,53.5%,56.6%,4.5%,15.3%,9.9%,0.7,6.6%,10.1%,44.5%,31.4%,22.5%,11.2,012745,"PARKER, JABARI",28,https://media-cdn.incrowdsports.com/14c62558-2c40-4a85-b2a7-df300e4516c5.png,BAR,BAR,FC Barcelona,https://media-cdn.incrowdsports.com/35dfa503-e417-481f-963a-bdf6f013763e.png
233,34.0,27.998529411764707,49.5%,55.7%,5.7%,12.4%,9.1%,2.5,26.1%,10.6%,37%,18.2%,33%,10.8,002329,"ULANOVAS, EDGARAS",31,https://media-cdn.incrowdsports.com/484e109c-0ad9-4c61-bd48-bb7a645dc260.png,ZAL,ZAL,Zalgiris Kaunas,https://media-cdn.incrowdsports.com/0aa09358-3847-4c4e-b228-3582ee4e536d.png
234,25.0,28.323333333333334,50%,54.2%,4.9%,15%,9.9%,1.3,12.7%,9.6%,39.3%,29.9%,27.5%,15.8,004888,"CLYBURN, WILL",33,https://media-cdn.incrowdsports.com/dbabf7ea-19de-4146-9ee5-5152de8db004.png,IST,EFS,Anadolu Efes Istanbul,https://media-cdn.incrowdsports.com/8ea8cec7-d8f7-45f4-a956-d976b5867610.png
235,40.0,26.401666666666664,46.1%,49%,3%,10.9%,7%,2.6,32.6%,12.5%,22.1%,29%,17.1%,14.6,008855,"WALKUP, THOMAS",31,https://media-cdn.incrowdsports.com/3b49acd3-17db-414c-92ee-e13ed1ca8c1d.png,OLY,OLY,Olympiacos Piraeus,https://media-cdn.incrowdsports.com/789423ac-3cdf-4b89-b11c-b458aa5f59a6.png
236,37.0,24.832882882882885,47.6%,53.8%,1.3%,11.1%,6.1%,1.8,20.7%,11.8%,34.1%,24.3%,35.5%,15.1,011212,"OKOBO, ELIE",26,https://media-cdn.incrowdsports.com/d108052a-a3cd-4f42-ba58-84befd3b51db.png,MCO,ASM,AS Monaco,https://media-cdn.incrowdsports.com/89ed276a-2ba3-413f-8ea2-b3be209ca129.png
237,29.0,30.06264367816092,51.7%,59.6%,5.6%,13.8%,9.9%,1.2,13.4%,11%,45.7%,17.7%,44.2%,11.3,008987,"LEDAY, ZACH",29,https://media-cdn.incrowdsports.com/1d4f0a79-71af-4eac-a466-792fddbff593.png,PAR,PAR,Partizan Mozzart Bet Belgrade,https://media-cdn.incrowdsports.com/2681304e-77dd-4331-88b1-683078c0fb49.png
238,31.0,19.643548387096775,59.5%,62.6%,12%,17.3%,14.6%,1.4,16.4%,11.4%,59.1%,0.9%,45.9%,10.4,002553,"MITROVIC, LUKA",30,https://media-cdn.incrowdsports.com/7cbfa57e-77f3-40cd-b417-44e508dc0c69.png,RED,CZV,Crvena Zvezda Meridianbet Belgrade,https://media-cdn.incrowdsports.com/d2eef4a8-62df-4fdd-9076-276004268515.png
239,27.0,23.589506172839506,67%,71.7%,5.5%,17.5%,11.9%,1.1,10.8%,9.6%,37%,30.5%,40.5%,9.2,010357,"YABUSELE, GUERSCHON",28,https://media-cdn.incrowdsports.com/7836b84b-e952-47c7-9683-4f8645eea386.png,MAD,RMB,Real Madrid,https://media-cdn.incrowdsports.com/1a3e1404-4f6f-4ede-9d8b-30eee7cb51b4.png
240,27.0,22.183333333333334,58.5%,66.5%,7.3%,16.2%,11.7%,0.3,3.4%,12.7%,40.9%,26.3%,56.2%,12.0,011982,"OJELEYE, SEMI",29,https://media-cdn.incrowdsports.com/2578af9b-c461-4517-a65f-de6ca1388bf4.png,PAM,VBC,Valencia Basket,https://media-cdn.incrowdsports.com/efd12730-f2ea-4830-9caa-7f2f676079c2.png
241,27.0,18.105555555555558,61%,67.7%,17.9%,20.7%,19.4%,0.9,11.7%,12.7%,60%,0%,59.3%,7.6,003941,"MILUTINOV, NIKOLA",29,https://media-cdn.incrowdsports.com/e24fce28-f9b5-453b-9359-bb7f7cab656b.png,OLY,OLY,Olympiacos Piraeus,https://media-cdn.incrowdsports.com/789423ac-3cdf-4b89-b11c-b458aa5f59a6.png
242,30.0,21.828333333333333,57.6%,61.6%,1%,9.2%,5%,1.5,16.5%,10.7%,36%,29.7%,24.2%,15.9,000848,"NEDOVIC, NEMANJA",32,https://media-cdn.incrowdsports.com/3ac70559-e052-4b22-b162-74a14d19f6de.png,RED,CZV,Crvena Zvezda Meridianbet Belgrade,https://media-cdn.incrowdsports.com/d2eef4a8-62df-4fdd-9076-276004268515.png
243,33.0,22.716161616161617,57.3%,60.1%,2.9%,7.4%,5.2%,2.1,27.6%,13.2%,19.5%,34.5%,22.1%,17.2,006435,"LAPROVITTOLA, NICOLAS",33,https://media-cdn.incrowdsports.com/142eb769-b3f7-44e0-a257-65ed99116a63.png,BAR,BAR,FC Barcelona,https://media-cdn.incrowdsports.com/35dfa503-e417-481f-963a-bdf6f013763e.png
244,39.0,17.75982905982906,59.8%,62.6%,6%,17%,11.4%,0.9,10.5%,12.2%,50.6%,17.2%,32.1%,9.1,LCZ,"MOTIEJUNAS, DONATAS",33,https://media-cdn.incrowdsports.com/29828b5e-4e2c-4479-8c18-3779369c0682.png,MCO,ASM,AS Monaco,https://media-cdn.incrowdsports.com/89ed276a-2ba3-413f-8ea2-b3be209ca129.png
245,21.0,26.521428571428572,63.3%,68.8%,8.5%,18.1%,13.3%,0.5,6.1%,11.5%,33.5%,35.1%,45.6%,14.9,000796,"MIROTIC, NIKOLA",32,https://media-cdn.incrowdsports.com/41a5147f-e48d-4fab-8ed4-27ff56a358ee.png,MIL,EA7,EA7 Emporio Armani Milan,https://media-cdn.incrowdsports.com/8154f184-c61a-4e7f-b14d-9d802e35cb95.png
246,31.0,19.713440860215055,61.3%,62.2%,14.9%,25%,20%,0.4,3.9%,10.9%,72.2%,0%,40.9%,8.3,006568,"FALL, YOUSSOUPHA",28,https://media-cdn.incrowdsports.com/4e06b253-ad47-45ec-8145-6804493a54f8.png,ASV,ASV,LDLC ASVEL Villeurbanne,https://media-cdn.incrowdsports.com/e33c6d1a-95ca-4dbc-b8cb-0201812104cc.png
246,28.0,29.126190476190477,52.9%,59.2%,1.4%,9.7%,5.7%,1.1,14.7%,12.9%,39.3%,23.9%,33%,17.5,009862,"PUNTER, KEVIN",30,https://media-cdn.incrowdsports.com/7e9c4729-8b15-452a-8180-70a26f26f953.png,PAR,PAR,Partizan Mozzart Bet Belgrade,https://media-cdn.incrowdsports.com/2681304e-77dd-4331-88b1-683078c0fb49.png
248,38.0,23.699561403508774,52.8%,53.1%,3.6%,18.4%,11%,2.6,36.2%,14%,29.8%,16.6%,16.6%,13.3,001932,"CALATHES, NICK",34,https://media-cdn.incrowdsports.com/494c0bd2-c370-4151-93cd-145d2d103c3d.png,ULK,FBB,Fenerbahce Beko Istanbul,https://media-cdn.incrowdsports.com/0233ebbb-f3a2-49ea-837c-7fd3e661e672.png
249,31.0,24.663440860215054,54.4%,57%,8%,16.6%,12.3%,0.9,12.1%,12.7%,56.5%,11.6%,23.5%,14.7,004194,"LAUVERGNE, JOFFREY",32,https://media-cdn.incrowdsports.com/51af6b70-c243-4a9e-850b-8a66a250e5b5.png,ASV,ASV,LDLC ASVEL Villeurbanne,https://media-cdn.incrowdsports.com/e33c6d1a-95ca-4dbc-b8cb-0201812104cc.png
250,35.0,27.45047619047619,52.1%,55.8%,1.7%,9.6%,5.8%,1.0,14.8%,15.1%,41.6%,24.1%,15.5%,20.5,012774,"NUNN, KENDRICK",28,https://media-cdn.incrowdsports.com/141e4124-6e7c-4d66-b1f3-132a582f117f.png,PAN,PAO,Panathinaikos AKTOR Athens,https://media-cdn.incrowdsports.com/e3dff28a-9ec6-4faf-9d96-ecbc68f75780.png
251,32.0,27.755729166666665,60.8%,65%,3.7%,10.5%,7.2%,1.6,18.9%,11.5%,37.9%,23.9%,28.6%,13.6,007400,"NUNNALLY, JAMES",33,https://media-cdn.incrowdsports.com/e0743b50-f31d-4f3a-95a9-2c96603f4c5e.png,PAR,PAR,Partizan Mozzart Bet Belgrade,https://media-cdn.incrowdsports.com/2681304e-77dd-4331-88b1-683078c0fb49.png
252,39.0,23.035897435897436,55.7%,59%,1.4%,4.5%,2.9%,0.8,8%,9.5%,28.1%,47.5%,20.9%,20.0,011948,"HOWARD, MARKUS",24,https://media-cdn.incrowdsports.com/2bf24a50-4d4d-4cee-a2e9-b6ad4584783e.png,BAS,BKN,Baskonia Vitoria-Gasteiz,https://media-cdn.incrowdsports.com/e324a6af-2a72-443e-9813-8bf2d364ddab.png
253,33.0,25.795454545454547,54.7%,57.7%,0.8%,8.9%,4.8%,2.4,24.9%,10.2%,39.4%,20.1%,20.5%,16.9,010568,"JONES, CHRIS",30,https://media-cdn.incrowdsports.com/0ec85101-5ba4-4432-b133-d17207a1878b.png,PAM,VBC,Valencia Basket,https://media-cdn.incrowdsports.com/efd12730-f2ea-4830-9caa-7f2f676079c2.png
253,36.0,18.723148148148148,65%,68.1%,12.8%,14.6%,13.7%,0.5,9.8%,17.9%,56.9%,1%,56.8%,11.3,011157,"MOTLEY, JOHNATHAN",28,https://media-cdn.incrowdsports.com/7018bc3a-7915-4c0a-aca8-63baa0264e46.png,ULK,FBB,Fenerbahce Beko Istanbul,https://media-cdn.incrowdsports.com/0233ebbb-f3a2-49ea-837c-7fd3e661e672.png
255,28.0,24.691666666666666,64.7%,65.5%,9.7%,22.9%,16.3%,0.8,9.7%,12.9%,57%,14.3%,19.3%,12.5,003583,"IBAKA, SERGE",34,https://media-cdn.incrowdsports.com/32e0ab26-b062-4df9-b4ee-365cc45394c5.png,MUN,BAY,FC Bayern Munich,https://media-cdn.incrowdsports.com/817b0e58-d595-4b09-ab0b-1e7cc26249ff.png
256,39.0,25.03034188034188,53.3%,56.4%,2.8%,17%,9.9%,3.0,34.7%,11.7%,25.2%,22.4%,28.4%,11.6,002939,"SATORANSKY, TOMAS",32,https://media-cdn.incrowdsports.com/0c613b34-b7dc-45e7-aa6a-0a0a006c8ee2.png,BAR,BAR,FC Barcelona,https://media-cdn.incrowdsports.com/35dfa503-e417-481f-963a-bdf6f013763e.png
257,41.0,27.5869918699187,55.3%,60.4%,2.2%,7.6%,5%,3.2,29.9%,9.2%,29.9%,23.7%,30.9%,11.7,011204,"GRANT, JERIAN",31,https://media-cdn.incrowdsports.com/7def3af1-d949-4c19-9e84-0999dc029aa3.png,PAN,PAO,Panathinaikos AKTOR Athens,https://media-cdn.incrowdsports.com/e3dff28a-9ec6-4faf-9d96-ecbc68f75780.png
258,38.0,26.94473684210526,54.7%,58.6%,5.2%,13.6%,9.3%,1.4,14.3%,10.1%,45.2%,20.8%,33.2%,12.0,011226,"DIALLO, ALPHA",26,https://media-cdn.incrowdsports.com/9f1fc6e6-209f-4a3b-877e-749a4e146ff1.png,MCO,ASM,AS Monaco,https://media-cdn.incrowdsports.com/89ed276a-2ba3-413f-8ea2-b3be209ca129.png
259,33.0,27.984343434343433,49.2%,55.9%,1%,6.9%,4%,2.6,30.9%,11.7%,23.4%,27%,31.3%,17.8,011225,"LEE, PARIS",28,https://media-cdn.incrowdsports.com/a780973a-7903-450f-b97a-5e7d3c271175.png,ASV,ASV,LDLC ASVEL Villeurbanne,https://media-cdn.incrowdsports.com/e33c6d1a-95ca-4dbc-b8cb-0201812104cc.png
260,29.0,24.983333333333334,52.7%,59.2%,6.7%,18.3%,12.3%,1.1,13.2%,11.8%,46.2%,15.4%,49.2%,14.3,003958,"THIEMANN, JOHANNES",29,https://media-cdn.incrowdsports.com/8d67d189-5722-4ac9-918c-70c114ff40d9.png,BER,BER,ALBA Berlin,https://media-cdn.incrowdsports.com/ccc34858-22b0-47dc-904c-9940b0a16ff3.png
261,33.0,25.48282828282828,63.7%,68%,10.4%,17.3%,13.7%,0.7,8.3%,11.9%,59.1%,8.7%,40.3%,9.4,009035,"BOLOMBOY, JOEL",29,https://media-cdn.incrowdsports.com/3be4e7c3-f5bd-4556-8570-77a8c978feab.png,RED,CZV,Crvena Zvezda Meridianbet Belgrade,https://media-cdn.incrowdsports.com/d2eef4a8-62df-4fdd-9076-276004268515.png
262,38.0,16.235964912280703,57.4%,61.6%,12.6%,21.7%,17.2%,0.3,3.6%,14.3%,64.4%,2.7%,50.9%,10.9,003196,"HERNANGOMEZ, WILLY",29,https://media-cdn.incrowdsports.com/23f39a60-18a5-4bde-978e-295211f90d42.png,BAR,BAR,FC Barcelona,https://media-cdn.incrowdsports.com/35dfa503-e417-481f-963a-bdf6f013763e.png
263,36.0,22.550925925925927,78.9%,73%,8.5%,16.8%,12.8%,2.1,28.2%,13.4%,46.5%,0%,57.7%,8.5,008811,"FALL, MOUSTAPHA",31,https://media-cdn.incrowdsports.com/f270bef6-21d1-488c-9fbf-20497cbdabbe.png,OLY,OLY,Olympiacos Piraeus,https://media-cdn.incrowdsports.com/789423ac-3cdf-4b89-b11c-b458aa5f59a6.png
264,29.0,30.44022988505747,58.7%,61.9%,2.6%,12.5%,7.6%,1.4,16.1%,11.6%,28.3%,37.3%,23.4%,17.6,007831,"SHIELDS, SHAVON",29,https://media-cdn.incrowdsports.com/4db5f5d2-af86-4257-b7a4-6dde41fecad7.png,MIL,EA7,EA7 Emporio Armani Milan,https://media-cdn.incrowdsports.com/8154f184-c61a-4e7f-b14d-9d802e35cb95.png
265,37.0,18.35,67.3%,69.3%,15.1%,17.8%,16.6%,0.8,8.2%,9.9%,67.4%,1.7%,42.1%,7.9,004887,"POIRIER, VINCENT",30,https://media-cdn.incrowdsports.com/5433e034-2047-4dc5-ab78-e10a4c119252.png,MAD,RMB,Real Madrid,https://media-cdn.incrowdsports.com/1a3e1404-4f6f-4ede-9d8b-30eee7cb51b4.png
266,38.0,29.30570175438596,47.7%,50.9%,2.5%,8.8%,5.5%,2.3,28%,12%,35.8%,20.4%,15.3%,21.7,009622,"BROWN, LORENZO",33,https://media-cdn.incrowdsports.com/14da390d-8d8a-4da5-9705-de28dc0d1284.png,TEL,MTA,Maccabi Playtika Tel Aviv,https://media-cdn.incrowdsports.com/5c55ef14-29df-4328-bd52-a7a64c432350.png
267,38.0,23.308333333333334,58.6%,62.3%,2.8%,18.4%,11.2%,0.8,6.8%,8.6%,37.7%,40%,20.1%,12.8,003108,"HEZONJA, MARIO",28,https://media-cdn.incrowdsports.com/03fc7874-71a9-4e26-8deb-c3410ca08fd8.png,MAD,RMB,Real Madrid,https://media-cdn.incrowdsports.com/1a3e1404-4f6f-4ede-9d8b-30eee7cb51b4.png
268,34.0,22.883333333333333,60.7%,65%,12.5%,19.5%,16.3%,0.8,13.8%,16.7%,56.7%,0%,51.2%,10.4,005791,"TAVARES, WALTER",31,https://media-cdn.incrowdsports.com/e738f6cd-a59d-4db6-880b-e94172438169.png,MAD,RMB,Real Madrid,https://media-cdn.incrowdsports.com/1a3e1404-4f6f-4ede-9d8b-30eee7cb51b4.png
269,38.0,28.160087719298243,54.1%,57.5%,7.5%,18.3%,13.1%,0.9,7.6%,8.8%,49.6%,24.7%,28.4%,11.7,007866,"MITOGLOU, KONSTANTINOS",27,https://media-cdn.incrowdsports.com/ff93a9d7-f400-4494-ae2e-72cfd057ac85.png,PAN,PAO,Panathinaikos AKTOR Athens,https://media-cdn.incrowdsports.com/e3dff28a-9ec6-4faf-9d96-ecbc68f75780.png
270,35.0,27.705238095238094,65.1%,68.5%,6.9%,20.8%,13.9%,1.4,16.1%,11.6%,45.6%,17.3%,34.2%,8.9,007230,"SEDEKERSKIS, TADAS",25,https://media-cdn.incrowdsports.com/16f6b30d-521e-4098-bf36-864c5a4f0986.png,BAS,BKN,Baskonia Vitoria-Gasteiz,https://media-cdn.incrowdsports.com/e324a6af-2a72-443e-9813-8bf2d364ddab.png
270,41.0,24.679674796747967,55.4%,58.8%,2.7%,8.5%,5.6%,2.0,20.8%,10.3%,17.4%,46.1%,19.1%,16.1,006661,"WILBEKIN, SCOTTIE",30,https://media-cdn.incrowdsports.com/bdc99c62-f3c3-4ce9-8d5f-5933eb4ff89a.png,ULK,FBB,Fenerbahce Beko Istanbul,https://media-cdn.incrowdsports.com/0233ebbb-f3a2-49ea-837c-7fd3e661e672.png
272,34.0,26.234803921568627,60.8%,66.5%,3%,11.3%,7.4%,2.4,31.8%,13.5%,22.2%,23.9%,42.3%,17.5,001926,"SLOUKAS, KOSTAS",33,https://media-cdn.incrowdsports.com/6eee6a67-7ce1-4c05-aae9-458bb0e691eb.png,PAN,PAO,Panathinaikos AKTOR Athens,https://media-cdn.incrowdsports.com/e3dff28a-9ec6-4faf-9d96-ecbc68f75780.png
273,38.0,21.01622807017544,61.4%,66.4%,3.9%,10.5%,7.5%,1.9,16.4%,8.6%,35.4%,27.8%,42.5%,13.5,006540,"MUSA, DZANAN",24,https://media-cdn.incrowdsports.com/6e24d642-0b45-45b6-9e40-df570b8433a8.png,MAD,RMB,Real Madrid,https://media-cdn.incrowdsports.com/1a3e1404-4f6f-4ede-9d8b-30eee7cb51b4.png
274,40.0,28.4625,56.2%,59.9%,5.6%,16.2%,10.7%,0.9,4.7%,5.3%,50%,30.3%,27.1%,11.7,009783,"COLSON, BONZIE",27,https://media-cdn.incrowdsports.com/be85913b-58c1-4631-8d09-1b7d06356c3e.png,TEL,MTA,Maccabi Playtika Tel Aviv,https://media-cdn.incrowdsports.com/5c55ef14-29df-4328-bd52-a7a64c432350.png
275,38.0,21.881140350877192,61.3%,65.6%,9.8%,12.8%,11.3%,1.1,10.9%,9.6%,66.3%,1.6%,39%,11.8,000925,"VESELY, JAN",33,https://media-cdn.incrowdsports.com/e25df055-15de-4fc1-8866-cc974df81b8f.png,BAR,BAR,FC Barcelona,https://media-cdn.incrowdsports.com/35dfa503-e417-481f-963a-bdf6f013763e.png
276,30.0,27.552222222222223,51.3%,58.6%,1.2%,9.7%,5.2%,1.8,21.8%,11.8%,39.2%,16.4%,44%,22.3,009863,"BALDWIN IV, WADE",27,https://media-cdn.incrowdsports.com/d154726f-c893-45bd-bb9b-c4a84c4f0eb4.png,TEL,MTA,Maccabi Playtika Tel Aviv,https://media-cdn.incrowdsports.com/5c55ef14-29df-4328-bd52-a7a64c432350.png
277,33.0,27.41868686868687,52.7%,58.5%,5.9%,16%,11%,1.3,18.1%,14.5%,40.8%,16.1%,42.2%,18.4,001133,"SHENGELIA, TORNIKE",32,https://media-cdn.incrowdsports.com/a0162fd5-54a8-4358-89fb-de5d05782920.png,VIR,VIR,Virtus Segafredo Bologna,https://media-cdn.incrowdsports.com/4af5e83b-f2b5-4fba-a87c-1f85837a508a.png
278,40.0,25.435,67.9%,71%,6.1%,17.2%,11.8%,1.2,12.8%,10.9%,39.5%,29.3%,24.6%,12.1,008829,"PETERS, ALEC",28,https://media-cdn.incrowdsports.com/af27d4ca-e455-4dbb-a657-10bd2ef74933.png,OLY,OLY,Olympiacos Piraeus,https://media-cdn.incrowdsports.com/789423ac-3cdf-4b89-b11c-b458aa5f59a6.png
279,37.0,31.506306306306307,56%,60.3%,5.7%,12.2%,9%,1.4,12%,8.6%,36.1%,34.4%,28.5%,14.4,008962,"HAYES-DAVIS, NIGEL",29,https://media-cdn.incrowdsports.com/0bc1ddee-384f-44e8-ae99-c37eb0653e58.png,ULK,FBB,Fenerbahce Beko Istanbul,https://media-cdn.incrowdsports.com/0233ebbb-f3a2-49ea-837c-7fd3e661e672.png
280,39.0,29.509401709401708,51.1%,54.2%,2.3%,14.6%,8.5%,2.8,39%,13.7%,29.3%,12.8%,28.1%,18.7,009048,"MILLER-MCINTYRE, CODI",29,https://media-cdn.incrowdsports.com/d063a5f7-3186-4014-b300-3e78cadd4615.png,BAS,BKN,Baskonia Vitoria-Gasteiz,https://media-cdn.incrowdsports.com/e324a6af-2a72-443e-9813-8bf2d364ddab.png
281,37.0,25.29054054054054,53.1%,59.8%,2.9%,9.6%,6.5%,2.7,35.1%,13%,22.5%,21.8%,39.3%,18.5,005928,"CAMPAZZO, FACUNDO",32,https://media-cdn.incrowdsports.com/3e8764fc-3edf-49b9-8d87-8f16757e87c8.png,MAD,RMB,Real Madrid,https://media-cdn.incrowdsports.com/1a3e1404-4f6f-4ede-9d8b-30eee7cb51b4.png
282,34.0,27.387254901960784,58.7%,64.7%,2.1%,10.4%,6.3%,1.7,20%,11.6%,30.1%,28.8%,36.6%,19.5,011218,"EVANS, KEENAN",27,https://media-cdn.incrowdsports.com/b6443b59-d3b7-4bb3-ae38-e4de75da64fb.png,ZAL,ZAL,Zalgiris Kaunas,https://media-cdn.incrowdsports.com/0aa09358-3847-4c4e-b228-3582ee4e536d.png
283,34.0,24.734803921568627,58.3%,63.9%,9.7%,20.7%,15.2%,0.7,9.7%,14.1%,43.3%,17.9%,55.5%,13.9,012201,"MONEKE, CHIMA",28,https://media-cdn.incrowdsports.com/4ef7934f-4c66-4ae0-97c3-cbafb98b34ad.png,BAS,BKN,Baskonia Vitoria-Gasteiz,https://media-cdn.incrowdsports.com/e324a6af-2a72-443e-9813-8bf2d364ddab.png
284,39.0,23.727350427350427,66.7%,69.4%,14.3%,20.3%,17.1%,0.7,6.4%,9.6%,68%,0.3%,52.2%,9.6,011199,"NEBO, JOSH",26,https://media-cdn.incrowdsports.com/811b772b-4289-47ff-8c8f-cd41352f1f38.png,TEL,MTA,Maccabi Playtika Tel Aviv,https://media-cdn.incrowdsports.com/5c55ef14-29df-4328-bd52-a7a64c432350.png
285,35.0,31.645238095238092,57%,63.2%,0.6%,10.5%,5.4%,2.6,24.9%,9.6%,24.9%,31.7%,35.3%,20.3,007200,"LARKIN, SHANE",31,https://media-cdn.incrowdsports.com/b1d0cea7-ddc1-41ba-8110-62c8d6ff99d8.png,IST,EFS,Anadolu Efes Istanbul,https://media-cdn.incrowdsports.com/8ea8cec7-d8f7-45f4-a956-d976b5867610.png
286,39.0,31.670940170940174,50.6%,55.7%,1.8%,13.7%,7.6%,2.4,21.8%,8.9%,34.1%,25.8%,35.5%,23.3,005985,"JAMES, MIKE",33,https://media-cdn.incrowdsports.com/7a3e96a0-c7b3-402f-a82f-dea0632b35d8.png,MCO,ASM,AS Monaco,https://media-cdn.incrowdsports.com/89ed276a-2ba3-413f-8ea2-b3be209ca129.png
287,41.0,29.678048780487803,62.4%,64.1%,9.9%,15.6%,12.8%,0.8,9.9%,13%,56.6%,0.2%,81.7%,14.1,003842,"LESSORT, MATHIAS",28,https://media-cdn.incrowdsports.com/c69345b9-052a-41ed-a53d-e82d2d4c3687.png,PAN,PAO,Panathinaikos AKTOR Athens,https://media-cdn.incrowdsports.com/e3dff28a-9ec6-4faf-9d96-ecbc68f75780.png
