Season,Phase,Round,Gamecode,Team,Quarter1,Quarter2,Quarter3,Quarter4,Extra1,Extra2,Extra3,Extra4
2023,RS,1,1,CRVENA ZVEZDA MERIDIANBET BELGRADE,29,23,17,25,,,,
2023,RS,1,1,LDLC ASVEL VILLEURBANNE,18,13,24,18,,,,
2023,RS,1,2,FC BARCELONA,22,18,29,22,,,,
2023,RS,1,2,ANADOLU EFES ISTANBUL,19,15,30,10,,,,
2023,RS,1,3,FC BAYERN MUNICH,19,17,25,19,,,,
2023,RS,1,3,ALBA BERLIN,17,27,7,17,,,,
2023,RS,1,4,MACCABI PLAYTIKA TEL AVIV,27,28,19,22,,,,
2023,RS,1,4,PARTIZAN MOZZART BET BELGRADE,16,27,15,23,,,,
2023,RS,1,5,VIRTUS SEGAFREDO BOLOGNA,23,19,23,14,,,,
2023,RS,1,5,ZALGIRIS KAUNAS,15,22,21,24,,,,
2023,RS,1,6,FENERBAHCE BEKO ISTANBUL,19,19,24,14,9.0,,,
2023,RS,1,6,EA7 EMPORIO ARMANI MILAN,23,12,19,22,6.0,,,
2023,RS,1,7,PANATHINAIKOS ATHENS,22,21,16,15,4.0,,,
2023,RS,1,7,OLYMPIACOS PIRAEUS,23,13,16,22,14.0,,,
2023,RS,1,8,BASKONIA VITORIA-GASTEIZ,23,24,20,10,,,,
2023,RS,1,8,REAL MADRID,19,24,19,17,,,,
2023,RS,1,9,VALENCIA BASKET,17,22,14,17,,,,
2023,RS,1,9,AS MONACO,20,18,13,14,,,,
2023,RS,2,10,ALBA BERLIN,21,26,14,25,,,,
2023,RS,2,10,BASKONIA VITORIA-GASTEIZ,25,26,25,15,,,,
2023,RS,2,11,ANADOLU EFES ISTANBUL,24,17,19,20,,,,
2023,RS,2,11,REAL MADRID,26,29,25,23,,,,
2023,RS,2,12,EA7 EMPORIO ARMANI MILAN,32,20,20,18,,,,
2023,RS,2,12,MACCABI PLAYTIKA TEL AVIV,25,25,25,23,,,,
2023,RS,2,13,PANATHINAIKOS ATHENS,23,14,17,24,,,,
2023,RS,2,13,FC BAYERN MUNICH,11,19,18,23,,,,
2023,RS,2,14,LDLC ASVEL VILLEURBANNE,13,16,19,14,,,,
2023,RS,2,14,PARTIZAN MOZZART BET BELGRADE,17,26,29,16,,,,
2023,RS,2,15,AS MONACO,15,18,15,11,,,,
2023,RS,2,15,VIRTUS SEGAFREDO BOLOGNA,23,25,22,13,,,,
2023,RS,2,16,OLYMPIACOS PIRAEUS,16,18,20,14,,,,
2023,RS,2,16,FC BARCELONA,23,17,16,21,,,,
2023,RS,2,17,VALENCIA BASKET,22,17,19,19,,,,
2023,RS,2,17,FENERBAHCE BEKO ISTANBUL,9,24,20,21,,,,
2023,RS,2,18,ZALGIRIS KAUNAS,19,16,15,29,,,,
2023,RS,2,18,CRVENA ZVEZDA MERIDIANBET BELGRADE,21,17,18,18,,,,
2023,RS,3,19,ANADOLU EFES ISTANBUL,24,19,27,19,,,,
2023,RS,3,19,LDLC ASVEL VILLEURBANNE,24,11,21,28,,,,
2023,RS,3,20,EA7 EMPORIO ARMANI MILAN,19,12,13,21,,,,
2023,RS,3,20,OLYMPIACOS PIRAEUS,17,15,9,12,,,,
2023,RS,3,21,FENERBAHCE BEKO ISTANBUL,27,16,24,16,,,,
2023,RS,3,21,PANATHINAIKOS ATHENS,9,19,17,24,,,,
2023,RS,3,22,PARTIZAN MOZZART BET BELGRADE,16,18,26,23,,,,
2023,RS,3,22,FC BARCELONA,23,21,25,23,,,,
2023,RS,3,23,REAL MADRID,25,28,19,21,,,,
2023,RS,3,23,ZALGIRIS KAUNAS,19,24,19,17,,,,
2023,RS,3,24,BASKONIA VITORIA-GASTEIZ,22,20,20,6,,,,
2023,RS,3,24,FC BAYERN MUNICH,20,21,16,19,,,,
2023,RS,3,25,CRVENA ZVEZDA MERIDIANBET BELGRADE,23,21,19,13,,,,
2023,RS,3,25,AS MONACO,14,24,26,18,,,,
2023,RS,3,26,VALENCIA BASKET,18,15,17,25,,,,
2023,RS,3,26,MACCABI PLAYTIKA TEL AVIV,17,12,15,22,,,,
2023,RS,3,27,VIRTUS SEGAFREDO BOLOGNA,27,17,23,20,,,,
2023,RS,3,27,ALBA BERLIN,11,15,25,25,,,,
2023,RS,4,28,FENERBAHCE BEKO ISTANBUL,16,26,30,29,,,,
2023,RS,4,28,LDLC ASVEL VILLEURBANNE,28,27,15,16,,,,
2023,RS,4,29,OLYMPIACOS PIRAEUS,28,21,10,26,13.0,,,
2023,RS,4,29,PARTIZAN MOZZART BET BELGRADE,21,22,26,16,9.0,,,
2023,RS,4,30,REAL MADRID,19,23,25,21,,,,
2023,RS,4,30,EA7 EMPORIO ARMANI MILAN,25,17,19,10,,,,
2023,RS,4,31,BASKONIA VITORIA-GASTEIZ,14,25,22,21,,,,
2023,RS,4,31,ZALGIRIS KAUNAS,22,24,28,25,,,,
2023,RS,4,32,ANADOLU EFES ISTANBUL,18,20,19,20,,,,
2023,RS,4,32,VALENCIA BASKET,15,25,13,20,,,,
2023,RS,4,33,AS MONACO,18,29,20,19,,,,
2023,RS,4,33,ALBA BERLIN,16,24,16,19,,,,
2023,RS,4,34,FC BARCELONA,27,16,27,28,,,,
2023,RS,4,34,FC BAYERN MUNICH,11,16,13,19,,,,
2023,RS,4,35,PANATHINAIKOS ATHENS,15,9,25,23,9.0,,,
2023,RS,4,35,MACCABI PLAYTIKA TEL AVIV,20,19,18,15,14.0,,,
2023,RS,4,36,VIRTUS SEGAFREDO BOLOGNA,26,18,18,23,,,,
2023,RS,4,36,CRVENA ZVEZDA MERIDIANBET BELGRADE,15,18,22,24,,,,
2023,RS,5,37,ALBA BERLIN,12,23,22,28,,,,
2023,RS,5,37,EA7 EMPORIO ARMANI MILAN,18,19,24,21,,,,
2023,RS,5,38,OLYMPIACOS PIRAEUS,17,16,28,14,,,,
2023,RS,5,38,ANADOLU EFES ISTANBUL,14,11,18,14,,,,
2023,RS,5,39,PARTIZAN MOZZART BET BELGRADE,22,20,11,35,,,,
2023,RS,5,39,CRVENA ZVEZDA MERIDIANBET BELGRADE,13,29,23,21,,,,
2023,RS,5,40,REAL MADRID,12,16,23,14,,,,
2023,RS,5,40,FC BARCELONA,19,11,11,23,,,,
2023,RS,5,41,AS MONACO,27,25,33,22,,,,
2023,RS,5,41,MACCABI PLAYTIKA TEL AVIV,23,15,19,22,,,,
2023,RS,5,42,LDLC ASVEL VILLEURBANNE,18,24,21,21,,,,
2023,RS,5,42,VIRTUS SEGAFREDO BOLOGNA,21,18,26,22,,,,
2023,RS,5,43,FC BAYERN MUNICH,20,18,9,20,,,,
2023,RS,5,43,FENERBAHCE BEKO ISTANBUL,19,22,14,21,,,,
2023,RS,5,44,PANATHINAIKOS ATHENS,24,24,22,25,,,,
2023,RS,5,44,BASKONIA VITORIA-GASTEIZ,22,21,23,15,,,,
2023,RS,5,45,ZALGIRIS KAUNAS,12,18,23,19,,,,
2023,RS,5,45,VALENCIA BASKET,20,32,20,15,,,,
2023,RS,6,46,EA7 EMPORIO ARMANI MILAN,18,19,11,18,,,,
2023,RS,6,46,AS MONACO,13,22,17,20,,,,
2023,RS,6,47,CRVENA ZVEZDA MERIDIANBET BELGRADE,12,21,20,21,,,,
2023,RS,6,47,FC BAYERN MUNICH,19,16,24,9,,,,
2023,RS,6,48,MACCABI PLAYTIKA TEL AVIV,21,20,15,14,,,,
2023,RS,6,48,REAL MADRID,36,16,22,25,,,,
2023,RS,6,49,ZALGIRIS KAUNAS,30,26,24,8,,,,
2023,RS,6,49,LDLC ASVEL VILLEURBANNE,24,26,22,19,,,,
2023,RS,6,50,FENERBAHCE BEKO ISTANBUL,29,17,12,21,,,,
2023,RS,6,50,OLYMPIACOS PIRAEUS,14,19,24,20,,,,
2023,RS,6,51,FC BARCELONA,21,24,26,9,,,,
2023,RS,6,51,PANATHINAIKOS ATHENS,20,13,14,25,,,,
2023,RS,6,52,BASKONIA VITORIA-GASTEIZ,23,25,15,21,,,,
2023,RS,6,52,PARTIZAN MOZZART BET BELGRADE,23,19,24,17,,,,
2023,RS,6,53,VALENCIA BASKET,15,26,15,23,,,,
2023,RS,6,53,ALBA BERLIN,14,25,15,17,,,,
2023,RS,6,54,VIRTUS SEGAFREDO BOLOGNA,20,21,28,24,,,,
2023,RS,6,54,ANADOLU EFES ISTANBUL,18,27,17,19,,,,
2023,RS,7,55,ANADOLU EFES ISTANBUL,13,25,13,23,12.0,,,
2023,RS,7,55,ZALGIRIS KAUNAS,14,12,20,28,8.0,,,
2023,RS,7,56,EA7 EMPORIO ARMANI MILAN,23,21,20,19,,,,
2023,RS,7,56,VALENCIA BASKET,12,19,8,13,,,,
2023,RS,7,57,MACCABI PLAYTIKA TEL AVIV,17,29,25,22,,,,
2023,RS,7,57,FC BAYERN MUNICH,19,25,19,27,,,,
2023,RS,7,58,PARTIZAN MOZZART BET BELGRADE,23,24,16,22,,,,
2023,RS,7,58,FENERBAHCE BEKO ISTANBUL,27,29,13,15,,,,
2023,RS,7,59,REAL MADRID,26,27,15,32,,,,
2023,RS,7,59,VIRTUS SEGAFREDO BOLOGNA,27,10,14,23,,,,
2023,RS,7,60,OLYMPIACOS PIRAEUS,26,9,25,14,,,,
2023,RS,7,60,BASKONIA VITORIA-GASTEIZ,20,30,17,8,,,,
2023,RS,7,61,ALBA BERLIN,26,21,23,15,,,,
2023,RS,7,61,PANATHINAIKOS ATHENS,27,33,22,17,,,,
2023,RS,7,62,AS MONACO,14,27,16,23,,,,
2023,RS,7,62,LDLC ASVEL VILLEURBANNE,23,14,24,9,,,,
2023,RS,7,63,FC BARCELONA,21,26,18,21,,,,
2023,RS,7,63,CRVENA ZVEZDA MERIDIANBET BELGRADE,18,25,19,19,,,,
2023,RS,8,64,AS MONACO,25,19,22,16,,,,
2023,RS,8,64,ANADOLU EFES ISTANBUL,28,20,21,20,,,,
2023,RS,8,65,CRVENA ZVEZDA MERIDIANBET BELGRADE,25,20,15,27,,,,
2023,RS,8,65,FENERBAHCE BEKO ISTANBUL,16,10,14,16,,,,
2023,RS,8,66,MACCABI PLAYTIKA TEL AVIV,19,17,19,19,,,,
2023,RS,8,66,OLYMPIACOS PIRAEUS,27,24,13,15,,,,
2023,RS,8,67,VALENCIA BASKET,26,23,13,11,,,,
2023,RS,8,67,REAL MADRID,24,19,20,13,,,,
2023,RS,8,68,VIRTUS SEGAFREDO BOLOGNA,21,24,20,21,,,,
2023,RS,8,68,EA7 EMPORIO ARMANI MILAN,26,14,23,16,,,,
2023,RS,8,69,ALBA BERLIN,13,22,20,13,,,,
2023,RS,8,69,LDLC ASVEL VILLEURBANNE,28,15,10,20,,,,
2023,RS,8,70,FC BAYERN MUNICH,25,28,17,24,,,,
2023,RS,8,70,PARTIZAN MOZZART BET BELGRADE,32,19,12,22,,,,
2023,RS,8,71,PANATHINAIKOS ATHENS,13,23,17,20,,,,
2023,RS,8,71,ZALGIRIS KAUNAS,15,24,13,19,,,,
2023,RS,8,72,BASKONIA VITORIA-GASTEIZ,26,29,15,24,,,,
2023,RS,8,72,FC BARCELONA,18,11,24,18,,,,
2023,RS,9,73,EA7 EMPORIO ARMANI MILAN,19,24,20,29,,,,
2023,RS,9,73,ANADOLU EFES ISTANBUL,18,21,22,15,,,,
2023,RS,9,74,MACCABI PLAYTIKA TEL AVIV,21,17,18,22,,,,
2023,RS,9,74,FENERBAHCE BEKO ISTANBUL,28,18,11,16,,,,
2023,RS,9,75,OLYMPIACOS PIRAEUS,20,25,19,24,,,,
2023,RS,9,75,CRVENA ZVEZDA MERIDIANBET BELGRADE,23,21,9,30,,,,
2023,RS,9,76,REAL MADRID,30,23,27,11,,,,
2023,RS,9,76,AS MONACO,20,19,11,23,,,,
2023,RS,9,77,FC BARCELONA,25,12,17,20,,,,
2023,RS,9,77,VALENCIA BASKET,16,17,19,18,,,,
2023,RS,9,78,LDLC ASVEL VILLEURBANNE,30,19,16,16,,,,
2023,RS,9,78,BASKONIA VITORIA-GASTEIZ,20,22,31,15,,,,
2023,RS,9,79,PANATHINAIKOS ATHENS,21,24,17,28,,,,
2023,RS,9,79,VIRTUS SEGAFREDO BOLOGNA,15,27,21,13,,,,
2023,RS,9,80,PARTIZAN MOZZART BET BELGRADE,18,25,22,24,,,,
2023,RS,9,80,ALBA BERLIN,20,20,15,19,,,,
2023,RS,9,81,ZALGIRIS KAUNAS,25,16,21,12,,,,
2023,RS,9,81,FC BAYERN MUNICH,18,25,18,12,,,,
2023,RS,10,82,LDLC ASVEL VILLEURBANNE,18,22,20,14,14.0,12.0,,
2023,RS,10,82,FC BAYERN MUNICH,22,15,14,23,14.0,13.0,,
2023,RS,10,83,MACCABI PLAYTIKA TEL AVIV,31,20,17,22,,,,
2023,RS,10,83,FC BARCELONA,26,25,19,22,,,,
2023,RS,10,84,PANATHINAIKOS AKTOR ATHENS,27,22,23,18,,,,
2023,RS,10,84,VALENCIA BASKET,18,17,18,20,,,,
2023,RS,10,85,REAL MADRID,27,17,23,32,,,,
2023,RS,10,85,ALBA BERLIN,17,16,18,24,,,,
2023,RS,10,86,VIRTUS SEGAFREDO BOLOGNA,25,21,24,17,,,,
2023,RS,10,86,FENERBAHCE BEKO ISTANBUL,27,17,14,21,,,,
2023,RS,10,87,ANADOLU EFES ISTANBUL,22,28,14,36,,,,
2023,RS,10,87,PARTIZAN MOZZART BET BELGRADE,22,23,29,20,,,,
2023,RS,10,88,CRVENA ZVEZDA MERIDIANBET BELGRADE,19,20,17,15,,,,
2023,RS,10,88,EA7 EMPORIO ARMANI MILAN,20,18,25,30,,,,
2023,RS,10,89,OLYMPIACOS PIRAEUS,19,24,26,20,,,,
2023,RS,10,89,ZALGIRIS KAUNAS,19,12,21,20,,,,
2023,RS,10,90,BASKONIA VITORIA-GASTEIZ,19,17,23,16,,,,
2023,RS,10,90,AS MONACO,16,19,27,15,,,,
2023,RS,11,91,AS MONACO,22,16,20,27,,,,
2023,RS,11,91,OLYMPIACOS PIRAEUS,17,22,20,18,,,,
2023,RS,11,92,FC BAYERN MUNICH,20,24,26,20,,,,
2023,RS,11,92,VIRTUS SEGAFREDO BOLOGNA,28,18,20,10,,,,
2023,RS,11,93,FENERBAHCE BEKO ISTANBUL,16,21,22,28,13.0,,,
2023,RS,11,93,REAL MADRID,29,15,23,20,12.0,,,
2023,RS,11,94,MACCABI PLAYTIKA TEL AVIV,29,29,23,21,,,,
2023,RS,11,94,ALBA BERLIN,14,28,24,15,,,,
2023,RS,11,95,PARTIZAN MOZZART BET BELGRADE,20,19,15,24,14.0,,,
2023,RS,11,95,PANATHINAIKOS AKTOR ATHENS,21,17,18,22,9.0,,,
2023,RS,11,96,EA7 EMPORIO ARMANI MILAN,19,12,21,18,,,,
2023,RS,11,96,ZALGIRIS KAUNAS,18,23,18,24,,,,
2023,RS,11,97,CRVENA ZVEZDA MERIDIANBET BELGRADE,22,21,29,25,,,,
2023,RS,11,97,ANADOLU EFES ISTANBUL,21,28,21,13,,,,
2023,RS,11,98,FC BARCELONA,28,22,28,23,,,,
2023,RS,11,98,LDLC ASVEL VILLEURBANNE,24,23,24,21,,,,
2023,RS,11,99,VALENCIA BASKET,21,31,18,14,,,,
2023,RS,11,99,BASKONIA VITORIA-GASTEIZ,20,24,23,31,,,,
2023,RS,12,100,ALBA BERLIN,13,12,14,25,,,,
2023,RS,12,100,ZALGIRIS KAUNAS,20,8,17,17,,,,
2023,RS,12,101,ANADOLU EFES ISTANBUL,23,14,13,21,,,,
2023,RS,12,101,PANATHINAIKOS AKTOR ATHENS,15,16,21,16,,,,
2023,RS,12,102,FC BAYERN MUNICH,22,22,11,21,15.0,,,
2023,RS,12,102,EA7 EMPORIO ARMANI MILAN,25,14,13,24,8.0,,,
2023,RS,12,103,OLYMPIACOS PIRAEUS,19,17,21,14,,,,
2023,RS,12,103,REAL MADRID,23,14,24,16,,,,
2023,RS,12,104,PARTIZAN MOZZART BET BELGRADE,16,16,19,21,17.0,,,
2023,RS,12,104,AS MONACO,13,22,16,21,13.0,,,
2023,RS,12,105,LDLC ASVEL VILLEURBANNE,19,27,20,25,,,,
2023,RS,12,105,MACCABI PLAYTIKA TEL AVIV,17,28,25,24,,,,
2023,RS,12,106,BASKONIA VITORIA-GASTEIZ,10,28,19,23,,,,
2023,RS,12,106,FENERBAHCE BEKO ISTANBUL,18,19,18,24,,,,
2023,RS,12,107,VALENCIA BASKET,25,31,16,13,,,,
2023,RS,12,107,CRVENA ZVEZDA MERIDIANBET BELGRADE,19,21,25,16,,,,
2023,RS,12,108,VIRTUS SEGAFREDO BOLOGNA,18,15,23,24,,,,
2023,RS,12,108,FC BARCELONA,24,21,16,14,,,,
2023,RS,13,109,ALBA BERLIN,15,25,25,24,,,,
2023,RS,13,109,ANADOLU EFES ISTANBUL,22,15,27,33,,,,
2023,RS,13,110,PANATHINAIKOS AKTOR ATHENS,23,22,10,23,,,,
2023,RS,13,110,REAL MADRID,24,22,26,18,,,,
2023,RS,13,111,PARTIZAN MOZZART BET BELGRADE,20,19,22,21,,,,
2023,RS,13,111,EA7 EMPORIO ARMANI MILAN,25,19,18,7,,,,
2023,RS,13,112,OLYMPIACOS PIRAEUS,24,17,13,23,,,,
2023,RS,13,112,FC BAYERN MUNICH,8,21,15,25,,,,
2023,RS,13,113,FC BARCELONA,16,22,25,26,,,,
2023,RS,13,113,FENERBAHCE BEKO ISTANBUL,19,31,14,17,,,,
2023,RS,13,114,LDLC ASVEL VILLEURBANNE,23,10,8,14,,,,
2023,RS,13,114,VALENCIA BASKET,18,17,18,25,,,,
2023,RS,13,115,BASKONIA VITORIA-GASTEIZ,26,26,15,20,,,,
2023,RS,13,115,CRVENA ZVEZDA MERIDIANBET BELGRADE,18,25,19,23,,,,
2023,RS,13,116,VIRTUS SEGAFREDO BOLOGNA,28,21,29,22,,,,
2023,RS,13,116,MACCABI PLAYTIKA TEL AVIV,29,20,23,18,,,,
2023,RS,13,117,ZALGIRIS KAUNAS,19,18,22,20,,,,
2023,RS,13,117,AS MONACO,23,23,11,26,,,,
2023,RS,14,118,LDLC ASVEL VILLEURBANNE,21,15,24,21,,,,
2023,RS,14,118,PANATHINAIKOS AKTOR ATHENS,24,21,19,25,,,,
2023,RS,14,119,REAL MADRID,19,23,21,25,,,,
2023,RS,14,119,FC BAYERN MUNICH,23,14,20,16,,,,
2023,RS,14,120,BASKONIA VITORIA-GASTEIZ,15,28,17,21,,,,
2023,RS,14,120,VIRTUS SEGAFREDO BOLOGNA,24,18,21,28,,,,
2023,RS,14,121,ZALGIRIS KAUNAS,21,23,20,21,,,,
2023,RS,14,121,PARTIZAN MOZZART BET BELGRADE,29,29,18,17,,,,
2023,RS,14,122,MACCABI PLAYTIKA TEL AVIV,29,16,21,29,,,,
2023,RS,14,122,ANADOLU EFES ISTANBUL,20,28,16,22,,,,
2023,RS,14,123,FENERBAHCE BEKO ISTANBUL,24,22,22,18,,,,
2023,RS,14,123,AS MONACO,21,24,12,17,,,,
2023,RS,14,124,CRVENA ZVEZDA MERIDIANBET BELGRADE,25,26,20,14,,,,
2023,RS,14,124,ALBA BERLIN,22,20,11,18,,,,
2023,RS,14,125,FC BARCELONA,19,21,19,27,,,,
2023,RS,14,125,EA7 EMPORIO ARMANI MILAN,29,22,17,22,,,,
2023,RS,14,126,OLYMPIACOS PIRAEUS,15,11,12,18,,,,
2023,RS,14,126,VALENCIA BASKET,14,21,12,16,,,,
2023,RS,15,127,ALBA BERLIN,19,19,18,18,,,,
2023,RS,15,127,FC BARCELONA,22,19,11,18,,,,
2023,RS,15,128,CRVENA ZVEZDA MERIDIANBET BELGRADE,20,14,11,13,,,,
2023,RS,15,128,REAL MADRID,20,25,16,11,,,,
2023,RS,15,129,MACCABI PLAYTIKA TEL AVIV,22,25,21,21,,,,
2023,RS,15,129,BASKONIA VITORIA-GASTEIZ,22,27,18,14,,,,
2023,RS,15,130,VALENCIA BASKET,14,20,10,23,,,,
2023,RS,15,130,PARTIZAN MOZZART BET BELGRADE,19,14,20,19,,,,
2023,RS,15,131,VIRTUS SEGAFREDO BOLOGNA,17,11,19,22,,,,
2023,RS,15,131,OLYMPIACOS PIRAEUS,19,21,15,12,,,,
2023,RS,15,132,AS MONACO,19,28,20,23,,,,
2023,RS,15,132,PANATHINAIKOS AKTOR ATHENS,22,17,17,35,,,,
2023,RS,15,133,EA7 EMPORIO ARMANI MILAN,22,24,21,17,,,,
2023,RS,15,133,LDLC ASVEL VILLEURBANNE,21,15,12,13,,,,
2023,RS,15,134,FC BAYERN MUNICH,20,30,21,15,,,,
2023,RS,15,134,ANADOLU EFES ISTANBUL,17,24,18,12,,,,
2023,RS,15,135,FENERBAHCE BEKO ISTANBUL,22,15,19,24,,,,
2023,RS,15,135,ZALGIRIS KAUNAS,26,22,14,16,,,,
2023,RS,16,136,MACCABI PLAYTIKA TEL AVIV,20,22,23,27,,,,
2023,RS,16,136,CRVENA ZVEZDA MERIDIANBET BELGRADE,20,31,28,19,,,,
2023,RS,16,137,REAL MADRID,26,22,28,15,,,,
2023,RS,16,137,PARTIZAN MOZZART BET BELGRADE,19,17,15,24,,,,
2023,RS,16,138,VALENCIA BASKET,26,11,23,19,,,,
2023,RS,16,138,VIRTUS SEGAFREDO BOLOGNA,21,26,7,17,,,,
2023,RS,16,139,ALBA BERLIN,26,21,12,23,,,,
2023,RS,16,139,FENERBAHCE BEKO ISTANBUL,24,27,21,19,,,,
2023,RS,16,140,ANADOLU EFES ISTANBUL,17,19,24,20,,,,
2023,RS,16,140,BASKONIA VITORIA-GASTEIZ,17,19,21,30,,,,
2023,RS,16,141,EA7 EMPORIO ARMANI MILAN,24,17,15,12,,,,
2023,RS,16,141,PANATHINAIKOS AKTOR ATHENS,22,19,18,17,,,,
2023,RS,16,142,FC BAYERN MUNICH,14,17,29,20,,,,
2023,RS,16,142,AS MONACO,17,29,21,24,,,,
2023,RS,16,143,LDLC ASVEL VILLEURBANNE,18,19,20,16,,,,
2023,RS,16,143,OLYMPIACOS PIRAEUS,25,24,22,14,,,,
2023,RS,16,144,ZALGIRIS KAUNAS,22,29,22,7,,,,
2023,RS,16,144,FC BARCELONA,28,28,14,15,,,,
2023,RS,17,145,ANADOLU EFES ISTANBUL,29,23,16,16,,,,
2023,RS,17,145,FENERBAHCE BEKO ISTANBUL,29,18,22,20,,,,
2023,RS,17,146,EA7 EMPORIO ARMANI MILAN,20,26,14,16,,,,
2023,RS,17,146,BASKONIA VITORIA-GASTEIZ,12,19,17,19,,,,
2023,RS,17,147,FC BAYERN MUNICH,16,22,22,25,,,,
2023,RS,17,147,VALENCIA BASKET,16,23,23,22,,,,
2023,RS,17,148,LDLC ASVEL VILLEURBANNE,19,20,18,19,,,,
2023,RS,17,148,REAL MADRID,18,15,18,26,,,,
2023,RS,17,149,ZALGIRIS KAUNAS,18,15,16,21,,,,
2023,RS,17,149,MACCABI PLAYTIKA TEL AVIV,16,16,29,17,,,,
2023,RS,17,150,PANATHINAIKOS AKTOR ATHENS,20,18,23,21,,,,
2023,RS,17,150,CRVENA ZVEZDA MERIDIANBET BELGRADE,17,14,19,15,,,,
2023,RS,17,151,ALBA BERLIN,25,18,8,16,,,,
2023,RS,17,151,OLYMPIACOS PIRAEUS,19,21,27,27,,,,
2023,RS,17,152,AS MONACO,27,20,20,24,,,,
2023,RS,17,152,FC BARCELONA,15,21,16,19,,,,
2023,RS,17,153,PARTIZAN MOZZART BET BELGRADE,18,18,19,20,,,,
2023,RS,17,153,VIRTUS SEGAFREDO BOLOGNA,23,18,19,17,,,,
2023,RS,18,154,FENERBAHCE BEKO ISTANBUL,26,9,22,19,,,,
2023,RS,18,154,CRVENA ZVEZDA MERIDIANBET BELGRADE,18,16,23,28,,,,
2023,RS,18,155,MACCABI PLAYTIKA TEL AVIV,22,27,15,29,,,,
2023,RS,18,155,AS MONACO,12,23,19,29,,,,
2023,RS,18,156,OLYMPIACOS PIRAEUS,18,22,23,16,,,,
2023,RS,18,156,EA7 EMPORIO ARMANI MILAN,19,16,15,24,,,,
2023,RS,18,157,PARTIZAN MOZZART BET BELGRADE,23,27,19,21,,,,
2023,RS,18,157,LDLC ASVEL VILLEURBANNE,17,14,14,32,,,,
2023,RS,18,158,ZALGIRIS KAUNAS,22,26,13,16,,,,
2023,RS,18,158,ALBA BERLIN,25,16,11,19,,,,
2023,RS,18,159,FC BARCELONA,21,24,15,23,,,,
2023,RS,18,159,REAL MADRID,25,22,15,16,,,,
2023,RS,18,160,BASKONIA VITORIA-GASTEIZ,13,13,24,25,,,,
2023,RS,18,160,PANATHINAIKOS AKTOR ATHENS,12,25,16,20,,,,
2023,RS,18,161,VALENCIA BASKET,18,25,28,22,,,,
2023,RS,18,161,ANADOLU EFES ISTANBUL,18,27,21,22,,,,
2023,RS,18,162,VIRTUS SEGAFREDO BOLOGNA,22,20,23,20,,,,
2023,RS,18,162,FC BAYERN MUNICH,24,22,23,14,,,,
2023,RS,19,163,CRVENA ZVEZDA MERIDIANBET BELGRADE,24,26,15,23,,,,
2023,RS,19,163,PARTIZAN MOZZART BET BELGRADE,13,16,19,24,,,,
2023,RS,19,164,LDLC ASVEL VILLEURBANNE,23,28,21,21,,,,
2023,RS,19,164,ZALGIRIS KAUNAS,17,26,16,20,,,,
2023,RS,19,165,FENERBAHCE BEKO ISTANBUL,22,35,23,29,,,,
2023,RS,19,165,MACCABI PLAYTIKA TEL AVIV,22,9,17,26,,,,
2023,RS,19,166,OLYMPIACOS PIRAEUS,17,17,22,19,,,,
2023,RS,19,166,AS MONACO,21,15,22,15,,,,
2023,RS,19,167,ALBA BERLIN,9,18,24,17,,,,
2023,RS,19,167,VIRTUS SEGAFREDO BOLOGNA,26,22,15,20,,,,
2023,RS,19,168,EA7 EMPORIO ARMANI MILAN,19,15,16,26,,,,
2023,RS,19,168,FC BAYERN MUNICH,12,15,20,15,,,,
2023,RS,19,169,FC BARCELONA,24,23,15,27,,,,
2023,RS,19,169,BASKONIA VITORIA-GASTEIZ,23,19,26,17,,,,
2023,RS,19,170,REAL MADRID,25,13,26,17,10.0,11.0,9.0,19.0
2023,RS,19,170,ANADOLU EFES ISTANBUL,18,18,25,20,10.0,11.0,9.0,15.0
2023,RS,19,171,VALENCIA BASKET,23,24,22,12,,,,
2023,RS,19,171,PANATHINAIKOS AKTOR ATHENS,22,25,19,16,,,,
2023,RS,20,172,FENERBAHCE BEKO ISTANBUL,19,24,25,23,,,,
2023,RS,20,172,PARTIZAN MOZZART BET BELGRADE,31,17,16,12,,,,
2023,RS,20,173,AS MONACO,21,22,28,22,,,,
2023,RS,20,173,BASKONIA VITORIA-GASTEIZ,22,17,20,24,,,,
2023,RS,20,174,PANATHINAIKOS AKTOR ATHENS,25,26,17,15,,,,
2023,RS,20,174,ANADOLU EFES ISTANBUL,14,21,22,19,,,,
2023,RS,20,175,LDLC ASVEL VILLEURBANNE,25,23,22,30,,,,
2023,RS,20,175,CRVENA ZVEZDA MERIDIANBET BELGRADE,25,20,22,24,,,,
2023,RS,20,176,VALENCIA BASKET,21,21,22,15,,,,
2023,RS,20,176,ZALGIRIS KAUNAS,27,21,14,22,,,,
2023,RS,20,177,EA7 EMPORIO ARMANI MILAN,16,21,23,22,,,,
2023,RS,20,177,ALBA BERLIN,17,18,23,18,,,,
2023,RS,20,178,FC BAYERN MUNICH,18,18,17,18,,,,
2023,RS,20,178,REAL MADRID,24,21,19,28,,,,
2023,RS,20,179,FC BARCELONA,27,17,31,11,,,,
2023,RS,20,179,OLYMPIACOS PIRAEUS,20,21,22,15,,,,
2023,RS,20,180,MACCABI PLAYTIKA TEL AVIV,18,28,24,25,,,,
2023,RS,20,180,VIRTUS SEGAFREDO BOLOGNA,21,24,15,18,,,,
2023,RS,21,181,FENERBAHCE BEKO ISTANBUL,22,16,19,24,17.0,,,
2023,RS,21,181,FC BAYERN MUNICH,22,17,20,22,10.0,,,
2023,RS,21,182,PANATHINAIKOS AKTOR ATHENS,27,16,21,24,,,,
2023,RS,21,182,AS MONACO,12,18,14,19,,,,
2023,RS,21,183,EA7 EMPORIO ARMANI MILAN,15,16,16,15,,,,
2023,RS,21,183,CRVENA ZVEZDA MERIDIANBET BELGRADE,23,24,10,19,,,,
2023,RS,21,184,REAL MADRID,16,19,23,24,14.0,,,
2023,RS,21,184,VALENCIA BASKET,24,16,15,27,4.0,,,
2023,RS,21,185,ANADOLU EFES ISTANBUL,26,24,23,26,,,,
2023,RS,21,185,VIRTUS SEGAFREDO BOLOGNA,15,14,25,21,,,,
2023,RS,21,186,LDLC ASVEL VILLEURBANNE,20,17,13,13,,,,
2023,RS,21,186,ALBA BERLIN,19,22,21,26,,,,
2023,RS,21,187,FC BARCELONA,26,18,24,23,,,,
2023,RS,21,187,ZALGIRIS KAUNAS,12,25,20,16,,,,
2023,RS,21,188,BASKONIA VITORIA-GASTEIZ,14,19,26,21,,,,
2023,RS,21,188,OLYMPIACOS PIRAEUS,17,15,17,20,,,,
2023,RS,21,189,PARTIZAN MOZZART BET BELGRADE,11,25,31,21,,,,
2023,RS,21,189,MACCABI PLAYTIKA TEL AVIV,29,23,15,12,,,,
2023,RS,22,190,ALBA BERLIN,19,11,21,14,,,,
2023,RS,22,190,FC BAYERN MUNICH,19,24,23,16,,,,
2023,RS,22,191,CRVENA ZVEZDA MERIDIANBET BELGRADE,30,22,10,28,,,,
2023,RS,22,191,BASKONIA VITORIA-GASTEIZ,20,23,26,22,,,,
2023,RS,22,192,VIRTUS SEGAFREDO BOLOGNA,19,8,18,28,,,,
2023,RS,22,192,LDLC ASVEL VILLEURBANNE,10,22,22,9,,,,
2023,RS,22,193,ANADOLU EFES ISTANBUL,18,24,30,26,,,,
2023,RS,22,193,FC BARCELONA,13,26,21,14,,,,
2023,RS,22,194,OLYMPIACOS PIRAEUS,26,16,27,20,,,,
2023,RS,22,194,MACCABI PLAYTIKA TEL AVIV,18,18,21,15,,,,
2023,RS,22,195,AS MONACO,33,23,24,18,,,,
2023,RS,22,195,REAL MADRID,20,20,14,20,,,,
2023,RS,22,196,PANATHINAIKOS AKTOR ATHENS,18,24,16,26,,,,
2023,RS,22,196,PARTIZAN MOZZART BET BELGRADE,16,24,18,13,,,,
2023,RS,22,197,VALENCIA BASKET,21,11,29,23,,,,
2023,RS,22,197,EA7 EMPORIO ARMANI MILAN,19,21,19,13,,,,
2023,RS,22,198,ZALGIRIS KAUNAS,20,23,23,32,,,,
2023,RS,22,198,FENERBAHCE BEKO ISTANBUL,14,21,20,20,,,,
2023,RS,23,199,ALBA BERLIN,18,33,21,17,,,,
2023,RS,23,199,CRVENA ZVEZDA MERIDIANBET BELGRADE,16,20,18,26,,,,
2023,RS,23,200,FC BAYERN MUNICH,19,10,21,14,,,,
2023,RS,23,200,LDLC ASVEL VILLEURBANNE,20,20,19,17,,,,
2023,RS,23,201,FENERBAHCE BEKO ISTANBUL,21,31,19,17,,,,
2023,RS,23,201,VIRTUS SEGAFREDO BOLOGNA,25,22,9,19,,,,
2023,RS,23,202,MACCABI PLAYTIKA TEL AVIV,18,25,19,28,,,,
2023,RS,23,202,PANATHINAIKOS AKTOR ATHENS,21,15,23,16,,,,
2023,RS,23,203,REAL MADRID,30,22,16,22,,,,
2023,RS,23,203,OLYMPIACOS PIRAEUS,13,17,25,30,,,,
2023,RS,23,204,ANADOLU EFES ISTANBUL,23,20,17,18,,,,
2023,RS,23,204,AS MONACO,22,17,26,15,,,,
2023,RS,23,205,EA7 EMPORIO ARMANI MILAN,23,24,10,17,,,,
2023,RS,23,205,FC BARCELONA,12,16,21,21,,,,
2023,RS,23,206,PARTIZAN MOZZART BET BELGRADE,22,23,16,20,,,,
2023,RS,23,206,ZALGIRIS KAUNAS,26,17,16,13,,,,
2023,RS,23,207,BASKONIA VITORIA-GASTEIZ,13,16,19,14,,,,
2023,RS,23,207,VALENCIA BASKET,16,29,13,19,,,,
2023,RS,24,208,CRVENA ZVEZDA MERIDIANBET BELGRADE,11,28,22,21,,,,
2023,RS,24,208,VALENCIA BASKET,12,18,19,15,,,,
2023,RS,24,209,FC BAYERN MUNICH,25,31,26,12,18.0,,,
2023,RS,24,209,BASKONIA VITORIA-GASTEIZ,19,33,24,18,15.0,,,
2023,RS,24,210,LDLC ASVEL VILLEURBANNE,18,24,14,17,,,,
2023,RS,24,210,FENERBAHCE BEKO ISTANBUL,16,23,28,16,,,,
2023,RS,24,211,OLYMPIACOS PIRAEUS,20,25,33,23,,,,
2023,RS,24,211,ALBA BERLIN,17,31,13,26,,,,
2023,RS,24,212,REAL MADRID,29,23,28,26,,,,
2023,RS,24,212,MACCABI PLAYTIKA TEL AVIV,18,27,28,28,,,,
2023,RS,24,213,AS MONACO,14,30,21,20,,,,
2023,RS,24,213,PARTIZAN MOZZART BET BELGRADE,16,22,23,9,,,,
2023,RS,24,214,FC BARCELONA,20,21,20,23,,,,
2023,RS,24,214,VIRTUS SEGAFREDO BOLOGNA,17,10,17,13,,,,
2023,RS,24,215,PANATHINAIKOS AKTOR ATHENS,21,23,13,22,,,,
2023,RS,24,215,EA7 EMPORIO ARMANI MILAN,16,12,13,21,,,,
2023,RS,24,216,ZALGIRIS KAUNAS,34,24,18,20,,,,
2023,RS,24,216,ANADOLU EFES ISTANBUL,14,23,22,11,,,,
2023,RS,25,217,ALBA BERLIN,15,15,15,21,,,,
2023,RS,25,217,VALENCIA BASKET,20,22,23,16,,,,
2023,RS,25,218,FC BAYERN MUNICH,14,24,13,21,,,,
2023,RS,25,218,OLYMPIACOS PIRAEUS,18,17,19,22,,,,
2023,RS,25,219,REAL MADRID,24,21,17,24,,,,
2023,RS,25,219,LDLC ASVEL VILLEURBANNE,18,17,15,29,,,,
2023,RS,25,220,BASKONIA VITORIA-GASTEIZ,20,34,19,19,,,,
2023,RS,25,220,MACCABI PLAYTIKA TEL AVIV,26,21,16,19,,,,
2023,RS,25,221,ANADOLU EFES ISTANBUL,15,19,30,15,,,,
2023,RS,25,221,EA7 EMPORIO ARMANI MILAN,15,28,7,23,,,,
2023,RS,25,222,AS MONACO,21,15,19,21,,,,
2023,RS,25,222,FENERBAHCE BEKO ISTANBUL,25,19,17,8,,,,
2023,RS,25,223,CRVENA ZVEZDA MERIDIANBET BELGRADE,17,15,19,25,,,,
2023,RS,25,223,FC BARCELONA,18,27,19,21,,,,
2023,RS,25,224,VIRTUS SEGAFREDO BOLOGNA,19,16,27,26,,,,
2023,RS,25,224,PARTIZAN MOZZART BET BELGRADE,19,12,27,26,,,,
2023,RS,25,225,ZALGIRIS KAUNAS,25,19,20,16,,,,
2023,RS,25,225,PANATHINAIKOS AKTOR ATHENS,25,13,18,12,,,,
2023,RS,26,226,EA7 EMPORIO ARMANI MILAN,23,25,18,15,,,,
2023,RS,26,226,REAL MADRID,19,10,25,22,,,,
2023,RS,26,227,ANADOLU EFES ISTANBUL,29,21,27,28,,,,
2023,RS,26,227,MACCABI PLAYTIKA TEL AVIV,27,24,24,16,,,,
2023,RS,26,228,VALENCIA BASKET,19,20,9,17,,,,
2023,RS,26,228,OLYMPIACOS PIRAEUS,21,19,20,18,,,,
2023,RS,26,229,PARTIZAN MOZZART BET BELGRADE,23,22,18,15,,,,
2023,RS,26,229,FC BAYERN MUNICH,26,15,18,20,,,,
2023,RS,26,230,BASKONIA VITORIA-GASTEIZ,23,29,19,23,,,,
2023,RS,26,230,LDLC ASVEL VILLEURBANNE,20,19,22,19,,,,
2023,RS,26,231,CRVENA ZVEZDA MERIDIANBET BELGRADE,22,23,20,26,,,,
2023,RS,26,231,ZALGIRIS KAUNAS,23,22,23,25,,,,
2023,RS,26,232,FC BARCELONA,31,20,29,13,,,,
2023,RS,26,232,ALBA BERLIN,26,13,12,26,,,,
2023,RS,26,233,PANATHINAIKOS AKTOR ATHENS,13,25,19,17,,,,
2023,RS,26,233,FENERBAHCE BEKO ISTANBUL,21,9,17,16,,,,
2023,RS,26,234,VIRTUS SEGAFREDO BOLOGNA,16,19,19,24,,,,
2023,RS,26,234,AS MONACO,21,24,15,21,,,,
2023,RS,27,235,ALBA BERLIN,15,23,18,15,,,,
2023,RS,27,235,MACCABI PLAYTIKA TEL AVIV,27,30,30,19,,,,
2023,RS,27,236,PARTIZAN MOZZART BET BELGRADE,17,26,21,36,,,,
2023,RS,27,236,ANADOLU EFES ISTANBUL,20,20,19,31,,,,
2023,RS,27,237,REAL MADRID,24,12,25,25,,,,
2023,RS,27,237,PANATHINAIKOS AKTOR ATHENS,18,27,22,30,,,,
2023,RS,27,238,VIRTUS SEGAFREDO BOLOGNA,18,26,21,22,,,,
2023,RS,27,238,VALENCIA BASKET,20,12,25,17,,,,
2023,RS,27,239,ZALGIRIS KAUNAS,20,19,17,20,,,,
2023,RS,27,239,OLYMPIACOS PIRAEUS,23,18,28,26,,,,
2023,RS,27,240,FC BARCELONA,21,14,16,16,,,,
2023,RS,27,240,AS MONACO,12,21,27,17,,,,
2023,RS,27,241,FC BAYERN MUNICH,20,12,21,21,,,,
2023,RS,27,241,CRVENA ZVEZDA MERIDIANBET BELGRADE,19,8,19,20,,,,
2023,RS,27,242,FENERBAHCE BEKO ISTANBUL,32,23,23,33,,,,
2023,RS,27,242,BASKONIA VITORIA-GASTEIZ,34,20,24,18,,,,
2023,RS,27,243,LDLC ASVEL VILLEURBANNE,22,17,23,19,,,,
2023,RS,27,243,EA7 EMPORIO ARMANI MILAN,13,22,21,21,,,,
2023,RS,28,244,ANADOLU EFES ISTANBUL,26,27,35,21,,,,
2023,RS,28,244,FC BAYERN MUNICH,28,21,16,21,,,,
2023,RS,28,245,AS MONACO,25,21,23,29,,,,
2023,RS,28,245,CRVENA ZVEZDA MERIDIANBET BELGRADE,17,21,22,20,,,,
2023,RS,28,246,MACCABI PLAYTIKA TEL AVIV,21,21,14,27,,,,
2023,RS,28,246,ZALGIRIS KAUNAS,21,19,22,14,,,,
2023,RS,28,247,OLYMPIACOS PIRAEUS,21,16,20,17,,,,
2023,RS,28,247,VIRTUS SEGAFREDO BOLOGNA,22,24,5,18,,,,
2023,RS,28,248,REAL MADRID,15,18,25,21,,,,
2023,RS,28,248,FENERBAHCE BEKO ISTANBUL,20,23,24,22,,,,
2023,RS,28,249,VALENCIA BASKET,18,24,15,21,,,,
2023,RS,28,249,FC BARCELONA,18,19,22,29,,,,
2023,RS,28,250,EA7 EMPORIO ARMANI MILAN,22,19,23,21,,,,
2023,RS,28,250,PARTIZAN MOZZART BET BELGRADE,21,19,27,16,,,,
2023,RS,28,251,PANATHINAIKOS AKTOR ATHENS,20,18,21,26,,,,
2023,RS,28,251,LDLC ASVEL VILLEURBANNE,17,19,14,17,,,,
2023,RS,28,252,BASKONIA VITORIA-GASTEIZ,23,19,21,25,,,,
2023,RS,28,252,ALBA BERLIN,10,24,13,24,,,,
2023,RS,29,253,ALBA BERLIN,27,12,23,20,,,,
2023,RS,29,253,AS MONACO,13,32,24,21,,,,
2023,RS,29,254,FC BARCELONA,29,22,23,20,,,,
2023,RS,29,254,PARTIZAN MOZZART BET BELGRADE,24,24,20,8,,,,
2023,RS,29,255,OLYMPIACOS PIRAEUS,7,26,15,23,,,,
2023,RS,29,255,PANATHINAIKOS AKTOR ATHENS,17,16,9,23,,,,
2023,RS,29,256,BASKONIA VITORIA-GASTEIZ,19,29,21,19,,,,
2023,RS,29,256,EA7 EMPORIO ARMANI MILAN,18,16,21,18,,,,
2023,RS,29,257,CRVENA ZVEZDA MERIDIANBET BELGRADE,21,26,14,19,,,,
2023,RS,29,257,MACCABI PLAYTIKA TEL AVIV,17,14,22,31,,,,
2023,RS,29,258,FENERBAHCE BEKO ISTANBUL,22,35,28,33,,,,
2023,RS,29,258,VALENCIA BASKET,19,18,24,27,,,,
2023,RS,29,259,VIRTUS SEGAFREDO BOLOGNA,15,16,21,22,,,,
2023,RS,29,259,REAL MADRID,23,21,17,28,,,,
2023,RS,29,260,FC BAYERN MUNICH,18,15,17,14,,,,
2023,RS,29,260,ZALGIRIS KAUNAS,10,11,16,21,,,,
2023,RS,29,261,LDLC ASVEL VILLEURBANNE,19,27,19,19,,,,
2023,RS,29,261,ANADOLU EFES ISTANBUL,16,23,13,28,,,,
2023,RS,30,262,ALBA BERLIN,26,14,17,22,,,,
2023,RS,30,262,REAL MADRID,16,20,22,28,,,,
2023,RS,30,263,ANADOLU EFES ISTANBUL,26,22,18,19,,,,
2023,RS,30,263,OLYMPIACOS PIRAEUS,21,16,24,11,,,,
2023,RS,30,264,MACCABI PLAYTIKA TEL AVIV,23,24,19,32,,,,
2023,RS,30,264,LDLC ASVEL VILLEURBANNE,21,28,20,21,,,,
2023,RS,30,265,PARTIZAN MOZZART BET BELGRADE,23,21,25,18,,,,
2023,RS,30,265,BASKONIA VITORIA-GASTEIZ,16,26,18,23,,,,
2023,RS,30,266,ZALGIRIS KAUNAS,22,21,25,28,,,,
2023,RS,30,266,VIRTUS SEGAFREDO BOLOGNA,22,27,14,18,,,,
2023,RS,30,267,AS MONACO,20,24,23,13,,,,
2023,RS,30,267,EA7 EMPORIO ARMANI MILAN,27,31,18,22,,,,
2023,RS,30,268,CRVENA ZVEZDA MERIDIANBET BELGRADE,20,21,15,20,,,,
2023,RS,30,268,PANATHINAIKOS AKTOR ATHENS,29,22,19,19,,,,
2023,RS,30,269,FENERBAHCE BEKO ISTANBUL,23,23,16,26,,,,
2023,RS,30,269,FC BARCELONA,11,14,32,17,,,,
2023,RS,30,270,VALENCIA BASKET,28,17,12,13,,,,
2023,RS,30,270,FC BAYERN MUNICH,15,22,19,12,,,,
2023,RS,31,271,ANADOLU EFES ISTANBUL,23,30,12,20,,,,
2023,RS,31,271,ALBA BERLIN,23,17,27,17,,,,
2023,RS,31,272,OLYMPIACOS PIRAEUS,20,23,11,26,,,,
2023,RS,31,272,LDLC ASVEL VILLEURBANNE,12,23,20,9,,,,
2023,RS,31,273,PARTIZAN MOZZART BET BELGRADE,13,18,23,22,,,,
2023,RS,31,273,REAL MADRID,13,20,35,20,,,,
2023,RS,31,274,ZALGIRIS KAUNAS,25,23,23,23,,,,
2023,RS,31,274,BASKONIA VITORIA-GASTEIZ,17,17,23,19,,,,
2023,RS,31,275,AS MONACO,25,13,19,22,,,,
2023,RS,31,275,VALENCIA BASKET,15,19,20,24,,,,
2023,RS,31,276,EA7 EMPORIO ARMANI MILAN,28,15,16,18,,,,
2023,RS,31,276,FENERBAHCE BEKO ISTANBUL,18,18,15,25,,,,
2023,RS,31,277,CRVENA ZVEZDA MERIDIANBET BELGRADE,21,27,26,20,,,,
2023,RS,31,277,VIRTUS SEGAFREDO BOLOGNA,23,19,23,14,,,,
2023,RS,31,278,FC BAYERN MUNICH,21,14,27,12,,,,
2023,RS,31,278,MACCABI PLAYTIKA TEL AVIV,22,26,15,26,,,,
2023,RS,31,279,PANATHINAIKOS AKTOR ATHENS,20,14,26,29,,,,
2023,RS,31,279,FC BARCELONA,23,23,15,20,,,,
2023,RS,32,280,FC BAYERN MUNICH,19,11,23,26,,,,
2023,RS,32,280,FC BARCELONA,25,22,24,16,,,,
2023,RS,32,281,LDLC ASVEL VILLEURBANNE,12,28,21,16,,,,
2023,RS,32,281,AS MONACO,23,21,12,31,,,,
2023,RS,32,282,BASKONIA VITORIA-GASTEIZ,22,23,8,23,,,,
2023,RS,32,282,ANADOLU EFES ISTANBUL,32,17,28,20,,,,
2023,RS,32,283,MACCABI PLAYTIKA TEL AVIV,21,27,23,24,,,,
2023,RS,32,283,VALENCIA BASKET,20,18,20,22,,,,
2023,RS,32,284,PARTIZAN MOZZART BET BELGRADE,22,18,19,10,,,,
2023,RS,32,284,OLYMPIACOS PIRAEUS,17,15,14,28,,,,
2023,RS,32,285,ZALGIRIS KAUNAS,14,21,24,28,,,,
2023,RS,32,285,EA7 EMPORIO ARMANI MILAN,17,20,17,19,,,,
2023,RS,32,286,FENERBAHCE BEKO ISTANBUL,34,18,31,20,,,,
2023,RS,32,286,ALBA BERLIN,18,22,13,15,,,,
2023,RS,32,287,REAL MADRID,20,24,28,29,,,,
2023,RS,32,287,CRVENA ZVEZDA MERIDIANBET BELGRADE,21,26,28,19,,,,
2023,RS,32,288,VIRTUS SEGAFREDO BOLOGNA,16,23,20,20,,,,
2023,RS,32,288,PANATHINAIKOS AKTOR ATHENS,28,23,14,16,,,,
2023,RS,33,289,ALBA BERLIN,15,19,28,21,,,,
2023,RS,33,289,PARTIZAN MOZZART BET BELGRADE,23,24,25,22,,,,
2023,RS,33,290,AS MONACO,20,19,12,18,,,,
2023,RS,33,290,ZALGIRIS KAUNAS,11,18,15,22,,,,
2023,RS,33,291,CRVENA ZVEZDA MERIDIANBET BELGRADE,14,25,25,22,,,,
2023,RS,33,291,OLYMPIACOS PIRAEUS,23,19,21,26,,,,
2023,RS,33,292,FC BARCELONA,19,25,26,22,,,,
2023,RS,33,292,MACCABI PLAYTIKA TEL AVIV,19,24,20,26,,,,
2023,RS,33,293,VALENCIA BASKET,19,19,7,24,,,,
2023,RS,33,293,LDLC ASVEL VILLEURBANNE,27,25,27,19,,,,
2023,RS,33,294,EA7 EMPORIO ARMANI MILAN,22,24,27,17,,,,
2023,RS,33,294,VIRTUS SEGAFREDO BOLOGNA,18,16,19,22,,,,
2023,RS,33,295,FC BAYERN MUNICH,18,18,18,21,,,,
2023,RS,33,295,PANATHINAIKOS AKTOR ATHENS,13,27,18,24,,,,
2023,RS,33,296,FENERBAHCE BEKO ISTANBUL,13,23,16,28,,,,
2023,RS,33,296,ANADOLU EFES ISTANBUL,16,16,19,31,,,,
2023,RS,33,297,REAL MADRID,27,21,16,27,,,,
2023,RS,33,297,BASKONIA VITORIA-GASTEIZ,17,25,23,30,,,,
2023,RS,34,298,ANADOLU EFES ISTANBUL,15,30,31,24,,,,
2023,RS,34,298,CRVENA ZVEZDA MERIDIANBET BELGRADE,11,20,13,11,,,,
2023,RS,34,299,AS MONACO,29,23,20,17,,,,
2023,RS,34,299,FC BAYERN MUNICH,14,16,30,25,,,,
2023,RS,34,300,MACCABI PLAYTIKA TEL AVIV,27,25,25,15,,,,
2023,RS,34,300,EA7 EMPORIO ARMANI MILAN,23,29,18,16,,,,
2023,RS,34,301,PANATHINAIKOS AKTOR ATHENS,17,21,22,24,,,,
2023,RS,34,301,ALBA BERLIN,23,14,26,12,,,,
2023,RS,34,302,ZALGIRIS KAUNAS,9,16,17,20,,,,
2023,RS,34,302,REAL MADRID,16,15,13,20,,,,
2023,RS,34,303,VIRTUS SEGAFREDO BOLOGNA,22,31,21,17,,,,
2023,RS,34,303,BASKONIA VITORIA-GASTEIZ,21,23,31,20,,,,
2023,RS,34,304,LDLC ASVEL VILLEURBANNE,24,14,19,19,,,,
2023,RS,34,304,FC BARCELONA,18,24,15,15,,,,
2023,RS,34,305,OLYMPIACOS PIRAEUS,19,19,15,16,15.0,,,
2023,RS,34,305,FENERBAHCE BEKO ISTANBUL,19,15,18,17,12.0,,,
2023,RS,34,306,PARTIZAN MOZZART BET BELGRADE,15,20,23,21,,,,
2023,RS,34,306,VALENCIA BASKET,21,16,15,14,,,,
2023,PI,35,307,MACCABI PLAYTIKA TEL AVIV,28,27,31,27,,,,
2023,PI,35,307,BASKONIA VITORIA-GASTEIZ,15,21,25,24,,,,
2023,PI,35,308,ANADOLU EFES ISTANBUL,23,13,14,14,,,,
2023,PI,35,308,VIRTUS SEGAFREDO BOLOGNA,21,14,13,19,,,,
2023,PI,36,309,BASKONIA VITORIA-GASTEIZ,21,20,31,17,,,,
2023,PI,36,309,VIRTUS SEGAFREDO BOLOGNA,22,19,16,20,,,,
2023,PO,37,310,REAL MADRID,26,22,22,20,,,,
2023,PO,37,310,BASKONIA VITORIA-GASTEIZ,17,20,16,21,,,,
2023,PO,37,311,FC BARCELONA,18,17,19,21,,,,
2023,PO,37,311,OLYMPIACOS PIRAEUS,19,25,17,16,,,,
2023,PO,37,312,AS MONACO,26,20,15,20,10.0,,,
2023,PO,37,312,FENERBAHCE BEKO ISTANBUL,15,22,23,21,14.0,,,
2023,PO,37,313,PANATHINAIKOS AKTOR ATHENS,25,25,20,17,,,,
2023,PO,37,313,MACCABI PLAYTIKA TEL AVIV,26,16,21,28,,,,
2023,PO,38,314,REAL MADRID,23,23,28,27,,,,
2023,PO,38,314,BASKONIA VITORIA-GASTEIZ,21,19,23,27,,,,
2023,PO,38,315,FC BARCELONA,27,16,17,17,,,,
2023,PO,38,315,OLYMPIACOS PIRAEUS,14,23,20,12,,,,
2023,PO,38,316,AS MONACO,31,23,11,28,,,,
2023,PO,38,316,FENERBAHCE BEKO ISTANBUL,21,29,24,14,,,,
2023,PO,38,317,PANATHINAIKOS AKTOR ATHENS,20,31,20,24,,,,
2023,PO,38,317,MACCABI PLAYTIKA TEL AVIV,28,11,21,19,,,,
2023,PO,39,318,BASKONIA VITORIA-GASTEIZ,22,34,17,25,,,,
2023,PO,39,318,REAL MADRID,22,30,20,30,,,,
2023,PO,39,319,OLYMPIACOS PIRAEUS,13,24,14,20,9.0,,,
2023,PO,39,319,FC BARCELONA,13,19,25,14,11.0,,,
2023,PO,39,320,FENERBAHCE BEKO ISTANBUL,19,28,22,20,,,,
2023,PO,39,320,AS MONACO,21,19,18,20,,,,
2023,PO,39,321,MACCABI PLAYTIKA TEL AVIV,23,23,21,18,,,,
2023,PO,39,321,PANATHINAIKOS AKTOR ATHENS,11,26,19,27,,,,
2023,PO,40,323,OLYMPIACOS PIRAEUS,21,32,19,20,,,,
2023,PO,40,323,FC BARCELONA,23,14,10,11,,,,
2023,PO,40,324,FENERBAHCE BEKO ISTANBUL,15,18,14,15,,,,
2023,PO,40,324,AS MONACO,11,19,18,17,,,,
2023,PO,40,325,MACCABI PLAYTIKA TEL AVIV,29,21,19,19,,,,
2023,PO,40,325,PANATHINAIKOS AKTOR ATHENS,26,23,25,21,,,,
2023,PO,41,327,FC BARCELONA,12,15,13,19,,,,
2023,PO,41,327,OLYMPIACOS PIRAEUS,9,16,15,23,,,,
2023,PO,41,328,AS MONACO,15,25,15,15,9.0,,,
2023,PO,41,328,FENERBAHCE BEKO ISTANBUL,13,22,21,14,10.0,,,
2023,PO,41,329,PANATHINAIKOS AKTOR ATHENS,19,22,17,23,,,,
2023,PO,41,329,MACCABI PLAYTIKA TEL AVIV,21,20,15,16,,,,
2023,FF,42,330,REAL MADRID,28,28,15,16,,,,
2023,FF,42,330,OLYMPIACOS PIRAEUS,10,27,21,18,,,,
2023,FF,42,331,PANATHINAIKOS AKTOR ATHENS,22,16,18,17,,,,
2023,FF,42,331,FENERBAHCE BEKO ISTANBUL,13,23,14,7,,,,
2023,FF,43,332,OLYMPIACOS PIRAEUS,24,24,18,21,,,,
2023,FF,43,332,FENERBAHCE BEKO ISTANBUL,16,21,25,22,,,,
2023,FF,43,333,REAL MADRID,36,18,7,19,,,,
2023,FF,43,333,PANATHINAIKOS AKTOR ATHENS,25,24,15,31,,,,
